This is XeTeX, Version 3.141592653-2.6-0.999997 (MiKTeX 25.12) (preloaded format=xelatex 2026.7.28)  28 JUL 2026 23:06
entering extended mode
 restricted \write18 enabled.
 file:line:error style messages enabled.
 %&-line parsing enabled.
**c:/Users/Admin/Documents/GitHub/training_for_CUMCM/main/main.tex
(c:/Users/Admin/Documents/GitHub/training_for_CUMCM/main/main.tex
LaTeX2e <2025-11-01>
L3 programming layer <2025-12-24>
(C:\Users\Admin\AppData\Local\Programs\MiKTeX25\tex/latex/base\article.cls
Document Class: article 2025/01/22 v1.4n Standard LaTeX document class
(C:\Users\Admin\AppData\Local\Programs\MiKTeX25\tex/latex/base\size12.clo
File: size12.clo 2025/01/22 v1.4n Standard LaTeX file (size option)
)
\c@part=\count271
\c@section=\count272
\c@subsection=\count273
\c@subsubsection=\count274
\c@paragraph=\count275
\c@subparagraph=\count276
\c@figure=\count277
\c@table=\count278
\abovecaptionskip=\skip49
\belowcaptionskip=\skip50
\bibindent=\dimen148
)
(C:\Users\Admin\AppData\Local\Programs\MiKTeX25\tex/latex/amsmath\amsmath.sty
Package: amsmath 2025/07/09 v2.17z AMS math features
\@mathmargin=\skip51

For additional information on amsmath, use the `?' option.
(C:\Users\Admin\AppData\Local\Programs\MiKTeX25\tex/latex/amsmath\amstext.sty
Package: amstext 2024/11/17 v2.01 AMS text

(C:\Users\Admin\AppData\Local\Programs\MiKTeX25\tex/latex/amsmath\amsgen.sty
File: amsgen.sty 1999/11/30 v2.0 generic functions
\@emptytoks=\toks17
\ex@=\dimen149
))
(C:\Users\Admin\AppData\Local\Programs\MiKTeX25\tex/latex/amsmath\amsbsy.sty
Package: amsbsy 1999/11/29 v1.2d Bold Symbols
\pmbraise@=\dimen150
)
(C:\Users\Admin\AppData\Local\Programs\MiKTeX25\tex/latex/amsmath\amsopn.sty
Package: amsopn 2022/04/08 v2.04 operator names
)
\inf@bad=\count279
LaTeX Info: Redefining \frac on input line 233.
\uproot@=\count280
\leftroot@=\count281
LaTeX Info: Redefining \overline on input line 398.
LaTeX Info: Redefining \colon on input line 409.
\classnum@=\count282
\DOTSCASE@=\count283
LaTeX Info: Redefining \ldots on input line 495.
LaTeX Info: Redefining \dots on input line 498.
LaTeX Info: Redefining \cdots on input line 619.
\Mathstrutbox@=\box53
\strutbox@=\box54
LaTeX Info: Redefining \big on input line 721.
LaTeX Info: Redefining \Big on input line 722.
LaTeX Info: Redefining \bigg on input line 723.
LaTeX Info: Redefining \Bigg on input line 724.
\big@size=\dimen151
LaTeX Font Info:    Redeclaring font encoding OML on input line 742.
LaTeX Font Info:    Redeclaring font encoding OMS on input line 743.
\macc@depth=\count284
LaTeX Info: Redefining \bmod on input line 904.
LaTeX Info: Redefining \pmod on input line 909.
LaTeX Info: Redefining \smash on input line 939.
LaTeX Info: Redefining \relbar on input line 969.
LaTeX Info: Redefining \Relbar on input line 970.
\c@MaxMatrixCols=\count285
\dotsspace@=\muskip17
\c@parentequation=\count286
\dspbrk@lvl=\count287
\tag@help=\toks18
\row@=\count288
\column@=\count289
\maxfields@=\count290
\andhelp@=\toks19
\eqnshift@=\dimen152
\alignsep@=\dimen153
\tagshift@=\dimen154
\tagwidth@=\dimen155
\totwidth@=\dimen156
\lineht@=\dimen157
\@envbody=\toks20
\multlinegap=\skip52
\multlinetaggap=\skip53
\mathdisplay@stack=\toks21
LaTeX Info: Redefining \[ on input line 2950.
LaTeX Info: Redefining \] on input line 2951.
)
(C:\Users\Admin\AppData\Local\Programs\MiKTeX25\tex/latex/amsfonts\amssymb.sty
Package: amssymb 2013/01/14 v3.01 AMS font symbols

(C:\Users\Admin\AppData\Local\Programs\MiKTeX25\tex/latex/amsfonts\amsfonts.sty
Package: amsfonts 2013/01/14 v3.01 Basic AMSFonts support
\symAMSa=\mathgroup4
\symAMSb=\mathgroup5
LaTeX Font Info:    Redeclaring math symbol \hbar on input line 98.
LaTeX Font Info:    Overwriting math alphabet `\mathfrak' in version `bold'
(Font)                  U/euf/m/n --> U/euf/b/n on input line 106.
))
(C:\Users\Admin\AppData\Local\Programs\MiKTeX25\tex/latex/geometry\geometry.sty
Package: geometry 2026/03/07 v6.0 Page Geometry
(C:\Users\Admin\AppData\Local\Programs\MiKTeX25\tex/latex/graphics\keyval.sty
Package: keyval 2022/05/29 v1.15 key=value parser (DPC)
\KV@toks@=\toks22
)
(C:\Users\Admin\AppData\Local\Programs\MiKTeX25\tex/generic/iftex\ifvtex.sty
Package: ifvtex 2019/10/25 v1.7 ifvtex legacy package. Use iftex instead.

(C:\Users\Admin\AppData\Local\Programs\MiKTeX25\tex/generic/iftex\iftex.sty
Package: iftex 2024/12/12 v1.0g TeX engine tests
))
\Gm@cnth=\count291
\Gm@cntv=\count292
\c@Gm@tempcnt=\count293
\Gm@bindingoffset=\dimen158
\Gm@wd@mp=\dimen159
\Gm@odd@mp=\dimen160
\Gm@even@mp=\dimen161
\Gm@layoutwidth=\dimen162
\Gm@layoutheight=\dimen163
\Gm@layouthoffset=\dimen164
\Gm@layoutvoffset=\dimen165
\Gm@dimlist=\toks23

(C:\Users\Admin\AppData\Local\Programs\MiKTeX25\tex/latex/geometry\geometry.cfg
))
(C:\Users\Admin\AppData\Local\Programs\MiKTeX25\tex/latex/booktabs\booktabs.sty
Package: booktabs 2020/01/12 v1.61803398 Publication quality tables
\heavyrulewidth=\dimen166
\lightrulewidth=\dimen167
\cmidrulewidth=\dimen168
\belowrulesep=\dimen169
\belowbottomsep=\dimen170
\aboverulesep=\dimen171
\abovetopsep=\dimen172
\cmidrulesep=\dimen173
\cmidrulekern=\dimen174
\defaultaddspace=\dimen175
\@cmidla=\count294
\@cmidlb=\count295
\@aboverulesep=\dimen176
\@belowrulesep=\dimen177
\@thisruleclass=\count296
\@lastruleclass=\count297
\@thisrulewidth=\dimen178
)
(C:\Users\Admin\AppData\Local\Programs\MiKTeX25\tex/latex/graphics\graphicx.sty
Package: graphicx 2024/12/31 v1.2e Enhanced LaTeX Graphics (DPC,SPQR)

(C:\Users\Admin\AppData\Local\Programs\MiKTeX25\tex/latex/graphics\graphics.sty
Package: graphics 2024/08/06 v1.4g Standard LaTeX Graphics (DPC,SPQR)
(C:\Users\Admin\AppData\Local\Programs\MiKTeX25\tex/latex/graphics\trig.sty
Package: trig 2023/12/02 v1.11 sin cos tan (DPC)
)
(C:\Users\Admin\AppData\Local\Programs\MiKTeX25\tex/latex/graphics-cfg\graphics
.cfg
File: graphics.cfg 2016/06/04 v1.11 sample graphics configuration
)
Package graphics Info: Driver file: xetex.def on input line 106.

(C:\Users\Admin\AppData\Local\Programs\MiKTeX25\tex/latex/graphics-def\xetex.de
f
File: xetex.def 2025/11/01 v5.0p Graphics/color driver for xetex
))
\Gin@req@height=\dimen179
\Gin@req@width=\dimen180
)
(C:\Users\Admin\AppData\Local\Programs\MiKTeX25\tex/latex/xcolor\xcolor.sty
Package: xcolor 2024/09/29 v3.02 LaTeX color extensions (UK)

(C:\Users\Admin\AppData\Local\Programs\MiKTeX25\tex/latex/graphics-cfg\color.cf
g
File: color.cfg 2016/01/02 v1.6 sample color configuration
)
Package xcolor Info: Driver file: xetex.def on input line 274.

(C:\Users\Admin\AppData\Local\Programs\MiKTeX25\tex/latex/graphics\mathcolor.lt
x)
Package xcolor Info: Model `cmy' substituted by `cmy0' on input line 1349.
Package xcolor Info: Model `RGB' extended on input line 1365.
Package xcolor Info: Model `HTML' substituted by `rgb' on input line 1367.
Package xcolor Info: Model `Hsb' substituted by `hsb' on input line 1368.
Package xcolor Info: Model `tHsb' substituted by `hsb' on input line 1369.
Package xcolor Info: Model `HSB' substituted by `hsb' on input line 1370.
Package xcolor Info: Model `Gray' substituted by `gray' on input line 1371.
Package xcolor Info: Model `wave' substituted by `hsb' on input line 1372.
) (C:\Users\Admin\AppData\Local\Programs\MiKTeX25\tex/latex/ctex\ctex.sty

LaTeX Warning: You have requested release `2026/06/01' of LaTeX,
               but only release `2025-11-01' is available.

(C:\Users\Admin\AppData\Local\Programs\MiKTeX25\tex/latex/l3kernel\expl3.sty
Package: expl3 2025-12-24 L3 programming layer (loader) 

(C:\Users\Admin\AppData\Local\Programs\MiKTeX25\tex/latex/l3backend\l3backend-x
etex.def
File: l3backend-xetex.def 2025-10-09 L3 backend support: XeTeX
\g__graphics_track_int=\count298
\g__pdfannot_backend_int=\count299
\g__pdfannot_backend_link_int=\count300
))
Package: ctex 2026/07/14 v2.6.4 Chinese adapter in LaTeX (CTEX)

(C:\Users\Admin\AppData\Local\Programs\MiKTeX25\tex/latex/ctex\ctexhook.sty

LaTeX Warning: You have requested release `2026/06/01' of LaTeX,
               but only release `2025-11-01' is available.

Package: ctexhook 2026/07/13 v2.6.4 Document and package hooks (CTEX)
) (C:\Users\Admin\AppData\Local\Programs\MiKTeX25\tex/latex/ctex\ctexpatch.sty

LaTeX Warning: You have requested release `2026/06/01' of LaTeX,
               but only release `2025-11-01' is available.

Package: ctexpatch 2026/07/13 v2.6.4 Patching commands (CTEX)
) (C:\Users\Admin\AppData\Local\Programs\MiKTeX25\tex/latex/base\fix-cm.sty
Package: fix-cm 2020/11/24 v1.1t fixes to LaTeX

(C:\Users\Admin\AppData\Local\Programs\MiKTeX25\tex/latex/base\ts1enc.def
File: ts1enc.def 2001/06/05 v3.0e (jk/car/fm) Standard LaTeX file
LaTeX Font Info:    Redeclaring font encoding TS1 on input line 47.
LaTeX Encoding Info:    Redeclaring text command \capitalcedilla (encoding TS1)
 on input line 49.
LaTeX Encoding Info:    Redeclaring text command \capitalogonek (encoding TS1) 
on input line 52.
LaTeX Encoding Info:    Redeclaring text command \capitalgrave (encoding TS1) o
n input line 55.
LaTeX Encoding Info:    Redeclaring text command \capitalacute (encoding TS1) o
n input line 56.
LaTeX Encoding Info:    Redeclaring text command \capitalcircumflex (encoding T
S1) on input line 57.
LaTeX Encoding Info:    Redeclaring text command \capitaltilde (encoding TS1) o
n input line 58.
LaTeX Encoding Info:    Redeclaring text command \capitaldieresis (encoding TS1
) on input line 59.
LaTeX Encoding Info:    Redeclaring text command \capitalhungarumlaut (encoding
 TS1) on input line 60.
LaTeX Encoding Info:    Redeclaring text command \capitalring (encoding TS1) on
 input line 61.
LaTeX Encoding Info:    Redeclaring text command \capitalcaron (encoding TS1) o
n input line 62.
LaTeX Encoding Info:    Redeclaring text command \capitalbreve (encoding TS1) o
n input line 63.
LaTeX Encoding Info:    Redeclaring text command \capitalmacron (encoding TS1) 
on input line 64.
LaTeX Encoding Info:    Redeclaring text command \capitaldotaccent (encoding TS
1) on input line 65.
LaTeX Encoding Info:    Redeclaring text command \t (encoding TS1) on input lin
e 66.
LaTeX Encoding Info:    Redeclaring text command \capitaltie (encoding TS1) on 
input line 67.
LaTeX Encoding Info:    Redeclaring text command \newtie (encoding TS1) on inpu
t line 68.
LaTeX Encoding Info:    Redeclaring text command \capitalnewtie (encoding TS1) 
on input line 69.
LaTeX Encoding Info:    Redeclaring text symbol \textcapitalcompwordmark (encod
ing TS1) on input line 70.
LaTeX Encoding Info:    Redeclaring text symbol \textascendercompwordmark (enco
ding TS1) on input line 71.
LaTeX Encoding Info:    Redeclaring text symbol \textquotestraightbase (encodin
g TS1) on input line 72.
LaTeX Encoding Info:    Redeclaring text symbol \textquotestraightdblbase (enco
ding TS1) on input line 73.
LaTeX Encoding Info:    Redeclaring text symbol \texttwelveudash (encoding TS1)
 on input line 74.
LaTeX Encoding Info:    Redeclaring text symbol \textthreequartersemdash (encod
ing TS1) on input line 75.
LaTeX Encoding Info:    Redeclaring text symbol \textleftarrow (encoding TS1) o
n input line 76.
LaTeX Encoding Info:    Redeclaring text symbol \textrightarrow (encoding TS1) 
on input line 77.
LaTeX Encoding Info:    Redeclaring text symbol \textblank (encoding TS1) on in
put line 78.
LaTeX Encoding Info:    Redeclaring text symbol \textdollar (encoding TS1) on i
nput line 79.
LaTeX Encoding Info:    Redeclaring text symbol \textquotesingle (encoding TS1)
 on input line 80.
LaTeX Encoding Info:    Redeclaring text command \textasteriskcentered (encodin
g TS1) on input line 81.
LaTeX Encoding Info:    Redeclaring text symbol \textdblhyphen (encoding TS1) o
n input line 92.
LaTeX Encoding Info:    Redeclaring text symbol \textfractionsolidus (encoding 
TS1) on input line 93.
LaTeX Encoding Info:    Redeclaring text symbol \textzerooldstyle (encoding TS1
) on input line 94.
LaTeX Encoding Info:    Redeclaring text symbol \textoneoldstyle (encoding TS1)
 on input line 95.
LaTeX Encoding Info:    Redeclaring text symbol \texttwooldstyle (encoding TS1)
 on input line 96.
LaTeX Encoding Info:    Redeclaring text symbol \textthreeoldstyle (encoding TS
1) on input line 97.
LaTeX Encoding Info:    Redeclaring text symbol \textfouroldstyle (encoding TS1
) on input line 98.
LaTeX Encoding Info:    Redeclaring text symbol \textfiveoldstyle (encoding TS1
) on input line 99.
LaTeX Encoding Info:    Redeclaring text symbol \textsixoldstyle (encoding TS1)
 on input line 100.
LaTeX Encoding Info:    Redeclaring text symbol \textsevenoldstyle (encoding TS
1) on input line 101.
LaTeX Encoding Info:    Redeclaring text symbol \texteightoldstyle (encoding TS
1) on input line 102.
LaTeX Encoding Info:    Redeclaring text symbol \textnineoldstyle (encoding TS1
) on input line 103.
LaTeX Encoding Info:    Redeclaring text symbol \textlangle (encoding TS1) on i
nput line 104.
LaTeX Encoding Info:    Redeclaring text symbol \textminus (encoding TS1) on in
put line 105.
LaTeX Encoding Info:    Redeclaring text symbol \textrangle (encoding TS1) on i
nput line 106.
LaTeX Encoding Info:    Redeclaring text symbol \textmho (encoding TS1) on inpu
t line 107.
LaTeX Encoding Info:    Redeclaring text symbol \textbigcircle (encoding TS1) o
n input line 108.
LaTeX Encoding Info:    Redeclaring text command \textcircled (encoding TS1) on
 input line 109.
LaTeX Encoding Info:    Redeclaring text symbol \textohm (encoding TS1) on inpu
t line 115.
LaTeX Encoding Info:    Redeclaring text symbol \textlbrackdbl (encoding TS1) o
n input line 116.
LaTeX Encoding Info:    Redeclaring text symbol \textrbrackdbl (encoding TS1) o
n input line 117.
LaTeX Encoding Info:    Redeclaring text symbol \textuparrow (encoding TS1) on 
input line 118.
LaTeX Encoding Info:    Redeclaring text symbol \textdownarrow (encoding TS1) o
n input line 119.
LaTeX Encoding Info:    Redeclaring text symbol \textasciigrave (encoding TS1) 
on input line 120.
LaTeX Encoding Info:    Redeclaring text symbol \textborn (encoding TS1) on inp
ut line 121.
LaTeX Encoding Info:    Redeclaring text symbol \textdivorced (encoding TS1) on
 input line 122.
LaTeX Encoding Info:    Redeclaring text symbol \textdied (encoding TS1) on inp
ut line 123.
LaTeX Encoding Info:    Redeclaring text symbol \textleaf (encoding TS1) on inp
ut line 124.
LaTeX Encoding Info:    Redeclaring text symbol \textmarried (encoding TS1) on 
input line 125.
LaTeX Encoding Info:    Redeclaring text symbol \textmusicalnote (encoding TS1)
 on input line 126.
LaTeX Encoding Info:    Redeclaring text symbol \texttildelow (encoding TS1) on
 input line 127.
LaTeX Encoding Info:    Redeclaring text symbol \textdblhyphenchar (encoding TS
1) on input line 128.
LaTeX Encoding Info:    Redeclaring text symbol \textasciibreve (encoding TS1) 
on input line 129.
LaTeX Encoding Info:    Redeclaring text symbol \textasciicaron (encoding TS1) 
on input line 130.
LaTeX Encoding Info:    Redeclaring text symbol \textacutedbl (encoding TS1) on
 input line 131.
LaTeX Encoding Info:    Redeclaring text symbol \textgravedbl (encoding TS1) on
 input line 132.
LaTeX Encoding Info:    Redeclaring text symbol \textdagger (encoding TS1) on i
nput line 133.
LaTeX Encoding Info:    Redeclaring text symbol \textdaggerdbl (encoding TS1) o
n input line 134.
LaTeX Encoding Info:    Redeclaring text symbol \textbardbl (encoding TS1) on i
nput line 135.
LaTeX Encoding Info:    Redeclaring text symbol \textperthousand (encoding TS1)
 on input line 136.
LaTeX Encoding Info:    Redeclaring text symbol \textbullet (encoding TS1) on i
nput line 137.
LaTeX Encoding Info:    Redeclaring text symbol \textcelsius (encoding TS1) on 
input line 138.
LaTeX Encoding Info:    Redeclaring text symbol \textdollaroldstyle (encoding T
S1) on input line 139.
LaTeX Encoding Info:    Redeclaring text symbol \textcentoldstyle (encoding TS1
) on input line 140.
LaTeX Encoding Info:    Redeclaring text symbol \textflorin (encoding TS1) on i
nput line 141.
LaTeX Encoding Info:    Redeclaring text symbol \textcolonmonetary (encoding TS
1) on input line 142.
LaTeX Encoding Info:    Redeclaring text symbol \textwon (encoding TS1) on inpu
t line 143.
LaTeX Encoding Info:    Redeclaring text symbol \textnaira (encoding TS1) on in
put line 144.
LaTeX Encoding Info:    Redeclaring text symbol \textguarani (encoding TS1) on 
input line 145.
LaTeX Encoding Info:    Redeclaring text symbol \textpeso (encoding TS1) on inp
ut line 146.
LaTeX Encoding Info:    Redeclaring text symbol \textlira (encoding TS1) on inp
ut line 147.
LaTeX Encoding Info:    Redeclaring text symbol \textrecipe (encoding TS1) on i
nput line 148.
LaTeX Encoding Info:    Redeclaring text symbol \textinterrobang (encoding TS1)
 on input line 149.
LaTeX Encoding Info:    Redeclaring text symbol \textinterrobangdown (encoding 
TS1) on input line 150.
LaTeX Encoding Info:    Redeclaring text symbol \textdong (encoding TS1) on inp
ut line 151.
LaTeX Encoding Info:    Redeclaring text symbol \texttrademark (encoding TS1) o
n input line 152.
LaTeX Encoding Info:    Redeclaring text symbol \textpertenthousand (encoding T
S1) on input line 153.
LaTeX Encoding Info:    Redeclaring text symbol \textpilcrow (encoding TS1) on 
input line 154.
LaTeX Encoding Info:    Redeclaring text symbol \textbaht (encoding TS1) on inp
ut line 155.
LaTeX Encoding Info:    Redeclaring text symbol \textnumero (encoding TS1) on i
nput line 156.
LaTeX Encoding Info:    Redeclaring text symbol \textdiscount (encoding TS1) on
 input line 157.
LaTeX Encoding Info:    Redeclaring text symbol \textestimated (encoding TS1) o
n input line 158.
LaTeX Encoding Info:    Redeclaring text symbol \textopenbullet (encoding TS1) 
on input line 159.
LaTeX Encoding Info:    Redeclaring text symbol \textservicemark (encoding TS1)
 on input line 160.
LaTeX Encoding Info:    Redeclaring text symbol \textlquill (encoding TS1) on i
nput line 161.
LaTeX Encoding Info:    Redeclaring text symbol \textrquill (encoding TS1) on i
nput line 162.
LaTeX Encoding Info:    Redeclaring text symbol \textcent (encoding TS1) on inp
ut line 163.
LaTeX Encoding Info:    Redeclaring text symbol \textsterling (encoding TS1) on
 input line 164.
LaTeX Encoding Info:    Redeclaring text symbol \textcurrency (encoding TS1) on
 input line 165.
LaTeX Encoding Info:    Redeclaring text symbol \textyen (encoding TS1) on inpu
t line 166.
LaTeX Encoding Info:    Redeclaring text symbol \textbrokenbar (encoding TS1) o
n input line 167.
LaTeX Encoding Info:    Redeclaring text symbol \textsection (encoding TS1) on 
input line 168.
LaTeX Encoding Info:    Redeclaring text symbol \textasciidieresis (encoding TS
1) on input line 169.
LaTeX Encoding Info:    Redeclaring text symbol \textcopyright (encoding TS1) o
n input line 170.
LaTeX Encoding Info:    Redeclaring text symbol \textordfeminine (encoding TS1)
 on input line 171.
LaTeX Encoding Info:    Redeclaring text symbol \textcopyleft (encoding TS1) on
 input line 172.
LaTeX Encoding Info:    Redeclaring text symbol \textlnot (encoding TS1) on inp
ut line 173.
LaTeX Encoding Info:    Redeclaring text symbol \textcircledP (encoding TS1) on
 input line 174.
LaTeX Encoding Info:    Redeclaring text symbol \textregistered (encoding TS1) 
on input line 175.
LaTeX Encoding Info:    Redeclaring text symbol \textasciimacron (encoding TS1)
 on input line 176.
LaTeX Encoding Info:    Redeclaring text symbol \textdegree (encoding TS1) on i
nput line 177.
LaTeX Encoding Info:    Redeclaring text symbol \textpm (encoding TS1) on input
 line 178.
LaTeX Encoding Info:    Redeclaring text symbol \texttwosuperior (encoding TS1)
 on input line 179.
LaTeX Encoding Info:    Redeclaring text symbol \textthreesuperior (encoding TS
1) on input line 180.
LaTeX Encoding Info:    Redeclaring text symbol \textasciiacute (encoding TS1) 
on input line 181.
LaTeX Encoding Info:    Redeclaring text symbol \textmu (encoding TS1) on input
 line 182.
LaTeX Encoding Info:    Redeclaring text symbol \textparagraph (encoding TS1) o
n input line 183.
LaTeX Encoding Info:    Redeclaring text symbol \textperiodcentered (encoding T
S1) on input line 184.
LaTeX Encoding Info:    Redeclaring text symbol \textreferencemark (encoding TS
1) on input line 185.
LaTeX Encoding Info:    Redeclaring text symbol \textonesuperior (encoding TS1)
 on input line 186.
LaTeX Encoding Info:    Redeclaring text symbol \textordmasculine (encoding TS1
) on input line 187.
LaTeX Encoding Info:    Redeclaring text symbol \textsurd (encoding TS1) on inp
ut line 188.
LaTeX Encoding Info:    Redeclaring text symbol \textonequarter (encoding TS1) 
on input line 189.
LaTeX Encoding Info:    Redeclaring text symbol \textonehalf (encoding TS1) on 
input line 190.
LaTeX Encoding Info:    Redeclaring text symbol \textthreequarters (encoding TS
1) on input line 191.
LaTeX Encoding Info:    Redeclaring text symbol \texteuro (encoding TS1) on inp
ut line 192.
LaTeX Encoding Info:    Redeclaring text symbol \texttimes (encoding TS1) on in
put line 193.
LaTeX Encoding Info:    Redeclaring text symbol \textdiv (encoding TS1) on inpu
t line 194.
))
\l__ctex_tmp_int=\count301
\l__ctex_tmp_box=\box55
\l__ctex_tmp_dim=\dimen181
\g__ctex_section_depth_int=\count302
\g__ctex_font_size_int=\count303

(C:\Users\Admin\AppData\Local\Programs\MiKTeX25\tex/latex/ctex/config\ctexopts.
cfg
File: ctexopts.cfg 2026/07/13 v2.6.4 Option configuration file (CTEX)
)
(C:\Users\Admin\AppData\Local\Programs\MiKTeX25\tex/latex/ctex/engine\ctex-engi
ne-xetex.def
File: ctex-engine-xetex.def 2026/07/15 v2.6.4 XeLaTeX adapter (CTEX)

(C:\Users\Admin\AppData\Local\Programs\MiKTeX25\tex/xelatex/xecjk\xeCJK.sty

LaTeX Warning: You have requested release `2026/06/01' of LaTeX,
               but only release `2025-11-01' is available.

Package: xeCJK 2026/07/22 v3.10.4 Typesetting CJK scripts with XeLaTeX

(C:\Users\Admin\AppData\Local\Programs\MiKTeX25\tex/latex/l3packages/xtemplate\
xtemplate.sty
Package: xtemplate 2025-10-09 L3 Experimental prototype document functions
)
\l__xeCJK_tmp_int=\count304
\l__xeCJK_tmp_box=\box56
\l__xeCJK_tmp_dim=\dimen182
\l__xeCJK_tmp_skip=\skip54
\g__xeCJK_space_factor_int=\count305
\l__xeCJK_begin_int=\count306
\l__xeCJK_end_int=\count307
\c__xeCJK_CJK_class_int=\XeTeXcharclass1
\c__xeCJK_FullLeft_class_int=\XeTeXcharclass2
\c__xeCJK_FullRight_class_int=\XeTeXcharclass3
\c__xeCJK_HalfLeft_class_int=\XeTeXcharclass4
\c__xeCJK_HalfRight_class_int=\XeTeXcharclass5
\c__xeCJK_NormalSpace_class_int=\XeTeXcharclass6
\c__xeCJK_CM_class_int=\XeTeXcharclass7
\c__xeCJK_HangulJamo_class_int=\XeTeXcharclass8
\c__xeCJK_HangulJamoL_class_int=\XeTeXcharclass9
\c__xeCJK_HangulJamoV_class_int=\XeTeXcharclass10
\c__xeCJK_HangulJamoT_class_int=\XeTeXcharclass11
\c__xeCJK_CJStarter_class_int=\XeTeXcharclass12
\c__xeCJK_PoZheHao_class_int=\XeTeXcharclass13
\l__xeCJK_interword_dim=\dimen183
\l__xeCJK_last_skip=\skip55
\c__xeCJK_none_node=\count308
\g__xeCJK_node_int=\count309
\c__xeCJK_CJK_node_dim=\dimen184
\c__xeCJK_CJK-space_node_dim=\dimen185
\c__xeCJK_default_node_dim=\dimen186
\c__xeCJK_CJK-widow_node_dim=\dimen187
\c__xeCJK_normalspace_node_dim=\dimen188
\c__xeCJK_default-space_node_skip=\skip56
\c__xeCJK_math_node_dim=\dimen189
\c__xeCJK_math-space_node_dim=\dimen190
\c__xeCJK_math-space-frozen_node_dim=\dimen191
\g__xeCJK_boundary_capture_depth_int=\count310
\g__xeCJK_boundary_suspend_depth_int=\count311
\g__xeCJK_boundary_capture_1_box=\box57
\g__xeCJK_boundary_capture_2_box=\box58
\g__xeCJK_boundary_capture_3_box=\box59
\l__xeCJK_boundary_post_box=\box60
\l__xeCJK_boundary_math_skip=\skip57
\l__xeCJK_boundary_math_actual_skip=\skip58
\l__xeCJK_boundary_math_ecglue_skip=\skip59
\l__xeCJK_boundary_math_delta_skip=\skip60
\l__xeCJK_boundary_math_space_dim=\dimen192
\l__xeCJK_boundary_math_ecglue_dim=\dimen193
\l__xeCJK_boundary_math_stretch_dim=\dimen194
\l__xeCJK_boundary_math_shrink_dim=\dimen195
\g__xeCJK_boundary_probe_type_int=\count312
\l__xeCJK_boundary_probe_box=\box61
\l__xeCJK_ccglue_skip=\skip61
\l__xeCJK_ecglue_skip=\skip62
\g__xeCJK_par_guard_dim=\dimen196
\l__xeCJK_punct_kern_skip=\skip63
\l__xeCJK_indent_box=\box62
\l__xeCJK_last_penalty_int=\count313
\l__xeCJK_last_bound_dim=\dimen197
\l__xeCJK_last_kern_dim=\dimen198
\l__xeCJK_widow_penalty_int=\count314

LaTeX template Info: Declaring template type 'xeCJK/punctuation' taking 0
(template)           argument(s) on line 4797.

\l__xeCJK_fixed_punct_width_dim=\dimen199
\l__xeCJK_mixed_punct_width_dim=\dimen256
\l__xeCJK_middle_punct_width_dim=\dimen257
\l__xeCJK_fixed_margin_width_dim=\dimen258
\l__xeCJK_mixed_margin_width_dim=\dimen259
\l__xeCJK_middle_margin_width_dim=\dimen260
\l__xeCJK_bound_punct_width_dim=\dimen261
\l__xeCJK_bound_margin_width_dim=\dimen262
\l__xeCJK_margin_minimum_dim=\dimen263
\l__xeCJK_kerning_total_width_dim=\dimen264
\l__xeCJK_same_align_margin_dim=\dimen265
\l__xeCJK_different_align_margin_dim=\dimen266
\l__xeCJK_kerning_margin_width_dim=\dimen267
\l__xeCJK_kerning_margin_minimum_dim=\dimen268
\l__xeCJK_bound_dim=\dimen269
\l__xeCJK_reverse_bound_dim=\dimen270
\l__xeCJK_margin_dim=\dimen271
\l__xeCJK_minimum_bound_dim=\dimen272
\l__xeCJK_kerning_margin_dim=\dimen273
\g__xeCJK_family_int=\count315
\l__xeCJK_fam_int=\count316
\g__xeCJK_fam_allocation_int=\count317
\l__xeCJK_verb_case_int=\count318
\l__xeCJK_verb_exspace_skip=\skip64

(C:\Users\Admin\AppData\Local\Programs\MiKTeX25\tex/latex/fontspec\fontspec.sty

(C:\Users\Admin\AppData\Local\Programs\MiKTeX25\tex/latex/l3packages/xparse\xpa
rse.sty
Package: xparse 2025-10-09 L3 Experimental document command parser
)
Package: fontspec 2025/09/29 v2.9g Font selection for XeLaTeX and LuaLaTeX

(C:\Users\Admin\AppData\Local\Programs\MiKTeX25\tex/latex/fontspec\fontspec-xet
ex.sty
Package: fontspec-xetex 2025/09/29 v2.9g Font selection for XeLaTeX and LuaLaTe
X
\l__fontspec_script_int=\count319
\l__fontspec_language_int=\count320
\l__fontspec_strnum_int=\count321
\l__fontspec_tmp_int=\count322
\l__fontspec_tmpa_int=\count323
\l__fontspec_tmpb_int=\count324
\l__fontspec_tmpc_int=\count325
\l__fontspec_em_int=\count326
\l__fontspec_emdef_int=\count327
\l__fontspec_strong_int=\count328
\l__fontspec_strongdef_int=\count329
\l__fontspec_tmpa_dim=\dimen274
\l__fontspec_tmpb_dim=\dimen275
\l__fontspec_tmpc_dim=\dimen276

(C:\Users\Admin\AppData\Local\Programs\MiKTeX25\tex/latex/base\fontenc.sty
Package: fontenc 2025/07/18 v2.1d Standard LaTeX package
)
(C:\Users\Admin\AppData\Local\Programs\MiKTeX25\tex/latex/fontspec\fontspec.cfg
)))
\l__xeCJK_default_char_int=\count330
 (C:\Users\Admin\AppData\Local\Programs\MiKTeX25\tex/xelatex/xecjk\xeCJK.cfg
File: xeCJK.cfg 2026/07/22 v3.10.4 Configuration file for xeCJK package
))
\ccwd=\dimen277
\l__ctex_ccglue_skip=\skip65
)
\l__ctex_ziju_dim=\dimen278

(C:\Users\Admin\AppData\Local\Programs\MiKTeX25\tex/latex/zhnumber\zhnumber.sty
Package: zhnumber 2022/07/14 v3.0 Typesetting numbers with Chinese glyphs
\l__zhnum_scale_int=\count331
\l__zhnum_tmp_int=\count332

(C:\Users\Admin\AppData\Local\Programs\MiKTeX25\tex/latex/zhnumber\zhnumber-utf
8.cfg
File: zhnumber-utf8.cfg 2022/07/14 v3.0 Chinese numerals with UTF8 encoding
))
(C:\Users\Admin\AppData\Local\Programs\MiKTeX25\tex/latex/ctex/scheme\ctex-sche
me-chinese.def
File: ctex-scheme-chinese.def 2026/07/13 v2.6.4 Chinese scheme for generic (CTE
X)

(C:\Users\Admin\AppData\Local\Programs\MiKTeX25\tex/latex/ctex/config\ctex-name
-utf8.cfg
File: ctex-name-utf8.cfg 2026/07/13 v2.6.4 Caption with encoding UTF-8 (CTEX)
))
(C:\Users\Admin\AppData\Local\Programs\MiKTeX25\tex/latex/tools\indentfirst.sty
Package: indentfirst 2023/07/02 v1.03 Indent first paragraph (DPC)
)
(C:\Users\Admin\AppData\Local\Programs\MiKTeX25\tex/latex/ctex/fontset\ctex-fon
tset-windows.def
File: ctex-fontset-windows.def 2026/07/22 v2.6.4 Windows fonts definition (CTEX
)

Package fontspec Info: 
(fontspec)             Could not resolve font "KaiTi/B" (it probably doesn't
(fontspec)             exist).


Package fontspec Info: 
(fontspec)             Could not resolve font "SimHei/I" (it probably doesn't
(fontspec)             exist).


Package fontspec Info: 
(fontspec)             Could not resolve font "SimSun/BI" (it probably doesn't
(fontspec)             exist).


Package fontspec Info: 
(fontspec)             Font family 'SimSun(0)' created for font 'SimSun' with
(fontspec)             options
(fontspec)             [Script={CJK},BoldFont={SimHei},ItalicFont={KaiTi}].
(fontspec)              
(fontspec)              This font family consists of the following NFSS
(fontspec)             series/shapes:
(fontspec)              
(fontspec)             - 'normal' (m/n) with NFSS spec.:
(fontspec)             <->"SimSun/OT:script=hani;language=dflt;"
(fontspec)             - 'bold' (b/n) with NFSS spec.:
(fontspec)             <->"SimHei/OT:script=hani;language=dflt;"
(fontspec)             - 'italic' (m/it) with NFSS spec.:
(fontspec)             <->"KaiTi/OT:script=hani;language=dflt;"

))
(C:\Users\Admin\AppData\Local\Programs\MiKTeX25\tex/latex/ctex/config\ctex.cfg
File: ctex-scheme.cfg 2026/07/13 v2.6.4 Configuration file (CTEX)
)
(C:\Users\Admin\AppData\Local\Programs\MiKTeX25\tex/latex/setspace\setspace.sty
Package: setspace 2022/12/04 v6.7b set line spacing
) (C:\Users\Admin\AppData\Local\Programs\MiKTeX25\tex/latex/float\float.sty
Package: float 2001/11/08 v1.3d Float enhancements (AL)
\c@float@type=\count333
\float@exts=\toks24
\float@box=\box63
\@float@everytoks=\toks25
\@floatcapt=\box64
)
No file main.aux.
\openout1 = `main.aux'.

LaTeX Font Info:    Checking defaults for OML/cmm/m/it on input line 34.
LaTeX Font Info:    ... okay on input line 34.
LaTeX Font Info:    Checking defaults for OMS/cmsy/m/n on input line 34.
LaTeX Font Info:    ... okay on input line 34.
LaTeX Font Info:    Checking defaults for OT1/cmr/m/n on input line 34.
LaTeX Font Info:    ... okay on input line 34.
LaTeX Font Info:    Checking defaults for T1/cmr/m/n on input line 34.
LaTeX Font Info:    ... okay on input line 34.
LaTeX Font Info:    Checking defaults for TS1/cmr/m/n on input line 34.
LaTeX Font Info:    ... okay on input line 34.
LaTeX Font Info:    Checking defaults for TU/lmr/m/n on input line 34.
LaTeX Font Info:    ... okay on input line 34.
LaTeX Font Info:    Checking defaults for OMX/cmex/m/n on input line 34.
LaTeX Font Info:    ... okay on input line 34.
LaTeX Font Info:    Checking defaults for U/cmr/m/n on input line 34.
LaTeX Font Info:    ... okay on input line 34.
*geometry* driver: auto-detecting
*geometry* detected driver: xetex
*geometry* verbose mode - [ preamble ] result:
* driver: xetex
* paper: a4paper
* layout: <same size as paper>
* layoutoffset:(h,v)=(0.0pt,0.0pt)
* modes: 
* h-part:(L,W,R)=(71.13188pt, 455.24411pt, 71.13188pt)
* v-part:(T,H,B)=(71.13188pt, 702.78308pt, 71.13188pt)
* \paperwidth=597.50787pt
* \paperheight=845.04684pt
* \textwidth=455.24411pt
* \textheight=702.78308pt
* \oddsidemargin=-1.1381pt
* \evensidemargin=-1.1381pt
* \topmargin=-38.1381pt
* \headheight=12.0pt
* \headsep=25.0pt
* \topskip=12.0pt
* \footskip=30.0pt
* \marginparwidth=35.0pt
* \marginparsep=10.0pt
* \columnsep=10.0pt
* \skip\footins=10.8pt plus 4.0pt minus 2.0pt
* \hoffset=0.0pt
* \voffset=0.0pt
* \mag=1000
* \@twocolumnfalse
* \@twosidefalse
* \@mparswitchfalse
* \@reversemarginfalse
* (1in=72.27pt=25.4mm, 1cm=28.453pt)


Package fontspec Info: 
(fontspec)             Adjusting the maths setup (use [no-math] to avoid
(fontspec)             this).

\symlegacymaths=\mathgroup6
LaTeX Font Info:    Overwriting symbol font `legacymaths' in version `bold'
(Font)                  OT1/cmr/m/n --> OT1/cmr/bx/n on input line 34.
LaTeX Font Info:    Redeclaring math accent \acute on input line 34.
LaTeX Font Info:    Redeclaring math accent \grave on input line 34.
LaTeX Font Info:    Redeclaring math accent \ddot on input line 34.
LaTeX Font Info:    Redeclaring math accent \tilde on input line 34.
LaTeX Font Info:    Redeclaring math accent \bar on input line 34.
LaTeX Font Info:    Redeclaring math accent \breve on input line 34.
LaTeX Font Info:    Redeclaring math accent \check on input line 34.
LaTeX Font Info:    Redeclaring math accent \hat on input line 34.
LaTeX Font Info:    Redeclaring math accent \dot on input line 34.
LaTeX Font Info:    Redeclaring math accent \mathring on input line 34.
LaTeX Font Info:    Redeclaring math symbol \Gamma on input line 34.
LaTeX Font Info:    Redeclaring math symbol \Delta on input line 34.
LaTeX Font Info:    Redeclaring math symbol \Theta on input line 34.
LaTeX Font Info:    Redeclaring math symbol \Lambda on input line 34.
LaTeX Font Info:    Redeclaring math symbol \Xi on input line 34.
LaTeX Font Info:    Redeclaring math symbol \Pi on input line 34.
LaTeX Font Info:    Redeclaring math symbol \Sigma on input line 34.
LaTeX Font Info:    Redeclaring math symbol \Upsilon on input line 34.
LaTeX Font Info:    Redeclaring math symbol \Phi on input line 34.
LaTeX Font Info:    Redeclaring math symbol \Psi on input line 34.
LaTeX Font Info:    Redeclaring math symbol \Omega on input line 34.
LaTeX Font Info:    Redeclaring math symbol \mathdollar on input line 34.
LaTeX Font Info:    Redeclaring symbol font `operators' on input line 34.
LaTeX Font Info:    Encoding `OT1' has changed to `TU' for symbol font
(Font)              `operators' in the math version `normal' on input line 34.
LaTeX Font Info:    Overwriting symbol font `operators' in version `normal'
(Font)                  OT1/cmr/m/n --> TU/lmr/m/n on input line 34.
LaTeX Font Info:    Encoding `OT1' has changed to `TU' for symbol font
(Font)              `operators' in the math version `bold' on input line 34.
LaTeX Font Info:    Overwriting symbol font `operators' in version `bold'
(Font)                  OT1/cmr/bx/n --> TU/lmr/m/n on input line 34.
LaTeX Font Info:    Overwriting symbol font `operators' in version `normal'
(Font)                  TU/lmr/m/n --> TU/lmr/m/n on input line 34.
LaTeX Font Info:    Overwriting math alphabet `\mathit' in version `normal'
(Font)                  OT1/cmr/m/it --> TU/lmr/m/it on input line 34.
LaTeX Font Info:    Overwriting math alphabet `\mathbf' in version `normal'
(Font)                  OT1/cmr/bx/n --> TU/lmr/b/n on input line 34.
LaTeX Font Info:    Overwriting math alphabet `\mathsf' in version `normal'
(Font)                  OT1/cmss/m/n --> TU/lmss/m/n on input line 34.
LaTeX Font Info:    Overwriting math alphabet `\mathtt' in version `normal'
(Font)                  OT1/cmtt/m/n --> TU/lmtt/m/n on input line 34.
LaTeX Font Info:    Overwriting symbol font `operators' in version `bold'
(Font)                  TU/lmr/m/n --> TU/lmr/b/n on input line 34.
LaTeX Font Info:    Overwriting math alphabet `\mathit' in version `bold'
(Font)                  OT1/cmr/bx/it --> TU/lmr/b/it on input line 34.
LaTeX Font Info:    Overwriting math alphabet `\mathsf' in version `bold'
(Font)                  OT1/cmss/bx/n --> TU/lmss/b/n on input line 34.
LaTeX Font Info:    Overwriting math alphabet `\mathtt' in version `bold'
(Font)                  OT1/cmtt/m/n --> TU/lmtt/b/n on input line 34.
LaTeX Font Info:    Trying to load font information for U+msa on input line 35.

(C:\Users\Admin\AppData\Local\Programs\MiKTeX25\tex/latex/amsfonts\umsa.fd
File: umsa.fd 2013/01/14 v3.01 AMS symbols A
)
LaTeX Font Info:    Trying to load font information for U+msb on input line 35.


(C:\Users\Admin\AppData\Local\Programs\MiKTeX25\tex/latex/amsfonts\umsb.fd
File: umsb.fd 2013/01/14 v3.01 AMS symbols B
)
No file main.toc.
\tf@toc=\write3
\openout3 = `main.toc'.

[1

]

c:/Users/Admin/Documents/GitHub/training_for_CUMCM/main/main.tex:41: LaTeX Erro
r: Environment 摘要 undefined.

See the LaTeX manual or LaTeX Companion for explanation.
Type  H <return>  for immediate help.
 ...                                              
                                                  
l.41 \begin{摘要}
               
Your command was ignored.
Type  I <command> <return>  to replace it with another command,
or  <return>  to continue without it.


c:/Users/Admin/Documents/GitHub/training_for_CUMCM/main/main.tex:49: LaTeX Erro
r: \begin{document} ended by \end{摘要}.

See the LaTeX manual or LaTeX Companion for explanation.
Type  H <return>  for immediate help.
 ...                                              
                                                  
l.49 \end{摘要}
             
Your command was ignored.
Type  I <command> <return>  to replace it with another command,
or  <return>  to continue without it.

[2] [3]
c:/Users/Admin/Documents/GitHub/training_for_CUMCM/main/main.tex:100: Misplaced
 \noalign.
\midrule ->\noalign 
                    {\ifnum 0=`}\fi \@aboverulesep =\aboverulesep \global \@...
l.100 \midrule
              
I expect to see \noalign only after the \cr of
an alignment. Proceed, and I'll ignore this case.

c:/Users/Admin/Documents/GitHub/training_for_CUMCM/main/main.tex:101: Missing }
 inserted.
<inserted text> 
                }
l.101 $
       x(t)$ & 第 $t$ 天的回收量 & 吨/天 \
I've inserted something that you may have forgotten.
(See the <inserted text> above.)
With luck, this will get me unwedged. But if you
really didn't forget anything, try typing `2' now; then
my insertion and my current dilemma will both disappear.

c:/Users/Admin/Documents/GitHub/training_for_CUMCM/main/main.tex:101: Missing }
 inserted.
<inserted text> 
                }
l.101 $
       x(t)$ & 第 $t$ 天的回收量 & 吨/天 \
I've inserted something that you may have forgotten.
(See the <inserted text> above.)
With luck, this will get me unwedged. But if you
really didn't forget anything, try typing `2' now; then
my insertion and my current dilemma will both disappear.

c:/Users/Admin/Documents/GitHub/training_for_CUMCM/main/main.tex:101: Missing }
 inserted.
<inserted text> 
                }
l.101 $
       x(t)$ & 第 $t$ 天的回收量 & 吨/天 \
I've inserted something that you may have forgotten.
(See the <inserted text> above.)
With luck, this will get me unwedged. But if you
really didn't forget anything, try typing `2' now; then
my insertion and my current dilemma will both disappear.

c:/Users/Admin/Documents/GitHub/training_for_CUMCM/main/main.tex:101: Missing \
cr inserted.
<inserted text> 
                \cr 
l.101 $
       x(t)$ & 第 $t$ 天的回收量 & 吨/天 \
I'm guessing that you meant to end an alignment here.

c:/Users/Admin/Documents/GitHub/training_for_CUMCM/main/main.tex:101: Missing {
 inserted.
<inserted text> 
                {
l.101 $
       x(t)$ & 第 $t$ 天的回收量 & 吨/天 \
I've put in what seems to be necessary to fix
the current column of the current alignment.
Try to go on, since this might almost work.

c:/Users/Admin/Documents/GitHub/training_for_CUMCM/main/main.tex:101: Undefined
 control sequence.
\@BTrule ...\doublerulesep \fi \fi \fi \@BTswitch 
                                                  
l.101 $
       x(t)$ & 第 $t$ 天的回收量 & 吨/天 \
The control sequence at the end of the top line
of your error message was never \def'ed. If you have
misspelled it (e.g., `\hobx'), type `I' and the correct
spelling (e.g., `I\hbox'). Otherwise just continue,
and I'll forget about whatever was undefined.

c:/Users/Admin/Documents/GitHub/training_for_CUMCM/main/main.tex:101: Misplaced
 alignment tab character &.
l.101 $x(t)$ &
               第 $t$ 天的回收量 & 吨/天 \
I can't figure out why you would want to use a tab mark
here. If you just want an ampersand, the remedy is
simple: Just type `I\&' now. But if some right brace
up above has ended a previous alignment prematurely,
you're probably due for more error messages, and you
might try typing `S' now just to see what is salvageable.

c:/Users/Admin/Documents/GitHub/training_for_CUMCM/main/main.tex:101: Misplaced
 alignment tab character &.
<recently read> &
                 
l.101 $x(t)$ & 第 $t$ 天的回收量 &
                             吨/天 \
I can't figure out why you would want to use a tab mark
here. If you just want an ampersand, the remedy is
simple: Just type `I\&' now. But if some right brace
up above has ended a previous alignment prematurely,
you're probably due for more error messages, and you
might try typing `S' now just to see what is salvageable.

c:/Users/Admin/Documents/GitHub/training_for_CUMCM/main/main.tex:102: Misplaced
 alignment tab character &.
l.102 $x_0$ &
              初始回收总量 & 吨/天 \
I can't figure out why you would want to use a tab mark
here. If you just want an ampersand, the remedy is
simple: Just type `I\&' now. But if some right brace
up above has ended a previous alignment prematurely,
you're probably due for more error messages, and you
might try typing `S' now just to see what is salvageable.

c:/Users/Admin/Documents/GitHub/training_for_CUMCM/main/main.tex:102: Misplaced
 alignment tab character &.
<recently read> &
                 
l.102 $x_0$ & 初始回收总量 &
                       吨/天 \
I can't figure out why you would want to use a tab mark
here. If you just want an ampersand, the remedy is
simple: Just type `I\&' now. But if some right brace
up above has ended a previous alignment prematurely,
you're probably due for more error messages, and you
might try typing `S' now just to see what is salvageable.

c:/Users/Admin/Documents/GitHub/training_for_CUMCM/main/main.tex:103: Misplaced
 alignment tab character &.
l.103 $K$ &
            潜在饱和总量 & 吨/天 \
I can't figure out why you would want to use a tab mark
here. If you just want an ampersand, the remedy is
simple: Just type `I\&' now. But if some right brace
up above has ended a previous alignment prematurely,
you're probably due for more error messages, and you
might try typing `S' now just to see what is salvageable.

c:/Users/Admin/Documents/GitHub/training_for_CUMCM/main/main.tex:103: Misplaced
 alignment tab character &.
<recently read> &
                 
l.103 $K$ & 潜在饱和总量 &
                     吨/天 \
I can't figure out why you would want to use a tab mark
here. If you just want an ampersand, the remedy is
simple: Just type `I\&' now. But if some right brace
up above has ended a previous alignment prematurely,
you're probably due for more error messages, and you
might try typing `S' now just to see what is salvageable.

c:/Users/Admin/Documents/GitHub/training_for_CUMCM/main/main.tex:104: Misplaced
 alignment tab character &.
l.104 $\gamma$ &
                 固有增长率 & 天$^{-1}$ \
I can't figure out why you would want to use a tab mark
here. If you just want an ampersand, the remedy is
simple: Just type `I\&' now. But if some right brace
up above has ended a previous alignment prematurely,
you're probably due for more error messages, and you
might try typing `S' now just to see what is salvageable.

c:/Users/Admin/Documents/GitHub/training_for_CUMCM/main/main.tex:104: Misplaced
 alignment tab character &.
<recently read> &
                 
l.104 $\gamma$ & 固有增长率 &
                         天$^{-1}$ \
I can't figure out why you would want to use a tab mark
here. If you just want an ampersand, the remedy is
simple: Just type `I\&' now. But if some right brace
up above has ended a previous alignment prematurely,
you're probably due for more error messages, and you
might try typing `S' now just to see what is salvageable.

c:/Users/Admin/Documents/GitHub/training_for_CUMCM/main/main.tex:105: Misplaced
 alignment tab character &.
l.105 $\alpha$ &
                 促进系数 & 无量纲 \
I can't figure out why you would want to use a tab mark
here. If you just want an ampersand, the remedy is
simple: Just type `I\&' now. But if some right brace
up above has ended a previous alignment prematurely,
you're probably due for more error messages, and you
might try typing `S' now just to see what is salvageable.

c:/Users/Admin/Documents/GitHub/training_for_CUMCM/main/main.tex:105: Misplaced
 alignment tab character &.
<recently read> &
                 
l.105 $\alpha$ & 促进系数 &
                        无量纲 \
I can't figure out why you would want to use a tab mark
here. If you just want an ampersand, the remedy is
simple: Just type `I\&' now. But if some right brace
up above has ended a previous alignment prematurely,
you're probably due for more error messages, and you
might try typing `S' now just to see what is salvageable.

c:/Users/Admin/Documents/GitHub/training_for_CUMCM/main/main.tex:106: Misplaced
 alignment tab character &.
l.106 $\beta$ &
                抑制系数 & 无量纲 \
I can't figure out why you would want to use a tab mark
here. If you just want an ampersand, the remedy is
simple: Just type `I\&' now. But if some right brace
up above has ended a previous alignment prematurely,
you're probably due for more error messages, and you
might try typing `S' now just to see what is salvageable.

c:/Users/Admin/Documents/GitHub/training_for_CUMCM/main/main.tex:106: Misplaced
 alignment tab character &.
<recently read> &
                 
l.106 $\beta$ & 抑制系数 &
                       无量纲 \
I can't figure out why you would want to use a tab mark
here. If you just want an ampersand, the remedy is
simple: Just type `I\&' now. But if some right brace
up above has ended a previous alignment prematurely,
you're probably due for more error messages, and you
might try typing `S' now just to see what is salvageable.

c:/Users/Admin/Documents/GitHub/training_for_CUMCM/main/main.tex:107: Misplaced
 \noalign.
\bottomrule ->\noalign 
                       {\ifnum 0=`}\fi \@aboverulesep =\aboverulesep \global...
l.107 \bottomrule
                 
I expect to see \noalign only after the \cr of
an alignment. Proceed, and I'll ignore this case.

c:/Users/Admin/Documents/GitHub/training_for_CUMCM/main/main.tex:108: Misplaced
 \crcr.
\endtabular ->\crcr 
                    \egroup \egroup $\egroup 
l.108 \end{tabular}
                   
I can't figure out why you would want to use a tab mark
or \cr or \span just now. If something like a right brace
up above has ended a previous alignment prematurely,
you're probably due for more error messages, and you
might try typing `S' now just to see what is salvageable.

c:/Users/Admin/Documents/GitHub/training_for_CUMCM/main/main.tex:108: Extra }, 
or forgotten $.
\endtabular ->\crcr \egroup \egroup 
                                    $\egroup 
l.108 \end{tabular}
                   
I've deleted a group-closing symbol because it seems to be
spurious, as in `$x}$'. But perhaps the } is legitimate and
you forgot something else, as in `\hbox{$x}'. In such cases
the way to recover is to insert both the forgotten and the
deleted material, e.g., by typing `I$}'.

c:/Users/Admin/Documents/GitHub/training_for_CUMCM/main/main.tex:143: Misplaced
 \noalign.
\midrule ->\noalign 
                    {\ifnum 0=`}\fi \@aboverulesep =\aboverulesep \global \@...
l.143 \midrule
              
I expect to see \noalign only after the \cr of
an alignment. Proceed, and I'll ignore this case.

c:/Users/Admin/Documents/GitHub/training_for_CUMCM/main/main.tex:144: Missing }
 inserted.
<inserted text> 
                }
l.144 饱
       和容量      & $K$      & 8011   & tons/day \
I've inserted something that you may have forgotten.
(See the <inserted text> above.)
With luck, this will get me unwedged. But if you
really didn't forget anything, try typing `2' now; then
my insertion and my current dilemma will both disappear.

c:/Users/Admin/Documents/GitHub/training_for_CUMCM/main/main.tex:144: Missing }
 inserted.
<inserted text> 
                }
l.144 饱
       和容量      & $K$      & 8011   & tons/day \
I've inserted something that you may have forgotten.
(See the <inserted text> above.)
With luck, this will get me unwedged. But if you
really didn't forget anything, try typing `2' now; then
my insertion and my current dilemma will both disappear.

c:/Users/Admin/Documents/GitHub/training_for_CUMCM/main/main.tex:144: Missing }
 inserted.
<inserted text> 
                }
l.144 饱
       和容量      & $K$      & 8011   & tons/day \
I've inserted something that you may have forgotten.
(See the <inserted text> above.)
With luck, this will get me unwedged. But if you
really didn't forget anything, try typing `2' now; then
my insertion and my current dilemma will both disappear.

c:/Users/Admin/Documents/GitHub/training_for_CUMCM/main/main.tex:144: Missing \
cr inserted.
<inserted text> 
                \cr 
l.144 饱
       和容量      & $K$      & 8011   & tons/day \
I'm guessing that you meant to end an alignment here.

c:/Users/Admin/Documents/GitHub/training_for_CUMCM/main/main.tex:144: Missing {
 inserted.
<inserted text> 
                {
l.144 饱
       和容量      & $K$      & 8011   & tons/day \
I've put in what seems to be necessary to fix
the current column of the current alignment.
Try to go on, since this might almost work.

c:/Users/Admin/Documents/GitHub/training_for_CUMCM/main/main.tex:144: Undefined
 control sequence.
\@BTrule ...\doublerulesep \fi \fi \fi \@BTswitch 
                                                  
l.144 饱
       和容量      & $K$      & 8011   & tons/day \
The control sequence at the end of the top line
of your error message was never \def'ed. If you have
misspelled it (e.g., `\hobx'), type `I' and the correct
spelling (e.g., `I\hbox'). Otherwise just continue,
and I'll forget about whatever was undefined.

c:/Users/Admin/Documents/GitHub/training_for_CUMCM/main/main.tex:144: Misplaced
 alignment tab character &.
<recently read> &
                 
l.144 饱和容量      &
                  $K$      & 8011   & tons/day \
I can't figure out why you would want to use a tab mark
here. If you just want an ampersand, the remedy is
simple: Just type `I\&' now. But if some right brace
up above has ended a previous alignment prematurely,
you're probably due for more error messages, and you
might try typing `S' now just to see what is salvageable.

c:/Users/Admin/Documents/GitHub/training_for_CUMCM/main/main.tex:144: Misplaced
 alignment tab character &.
l.144 饱和容量      & $K$      &
                             8011   & tons/day \
I can't figure out why you would want to use a tab mark
here. If you just want an ampersand, the remedy is
simple: Just type `I\&' now. But if some right brace
up above has ended a previous alignment prematurely,
you're probably due for more error messages, and you
might try typing `S' now just to see what is salvageable.

c:/Users/Admin/Documents/GitHub/training_for_CUMCM/main/main.tex:144: Misplaced
 alignment tab character &.
l.144 饱和容量      & $K$      & 8011   &
                                      tons/day \
I can't figure out why you would want to use a tab mark
here. If you just want an ampersand, the remedy is
simple: Just type `I\&' now. But if some right brace
up above has ended a previous alignment prematurely,
you're probably due for more error messages, and you
might try typing `S' now just to see what is salvageable.

c:/Users/Admin/Documents/GitHub/training_for_CUMCM/main/main.tex:145: Misplaced
 alignment tab character &.
<recently read> &
                 
l.145 固有增长率    &
                 $\gamma$ & 0.022  & 1/day \
I can't figure out why you would want to use a tab mark
here. If you just want an ampersand, the remedy is
simple: Just type `I\&' now. But if some right brace
up above has ended a previous alignment prematurely,
you're probably due for more error messages, and you
might try typing `S' now just to see what is salvageable.

c:/Users/Admin/Documents/GitHub/training_for_CUMCM/main/main.tex:145: Misplaced
 alignment tab character &.
l.145 固有增长率    & $\gamma$ &
                            0.022  & 1/day \
I can't figure out why you would want to use a tab mark
here. If you just want an ampersand, the remedy is
simple: Just type `I\&' now. But if some right brace
up above has ended a previous alignment prematurely,
you're probably due for more error messages, and you
might try typing `S' now just to see what is salvageable.

c:/Users/Admin/Documents/GitHub/training_for_CUMCM/main/main.tex:145: Misplaced
 alignment tab character &.
l.145 固有增长率    & $\gamma$ & 0.022  &
                                     1/day \
I can't figure out why you would want to use a tab mark
here. If you just want an ampersand, the remedy is
simple: Just type `I\&' now. But if some right brace
up above has ended a previous alignment prematurely,
you're probably due for more error messages, and you
might try typing `S' now just to see what is salvageable.

c:/Users/Admin/Documents/GitHub/training_for_CUMCM/main/main.tex:146: Misplaced
 alignment tab character &.
<recently read> &
                 
l.146 初始回收量    &
                 $x_0$    & 6314   & tons/day \
I can't figure out why you would want to use a tab mark
here. If you just want an ampersand, the remedy is
simple: Just type `I\&' now. But if some right brace
up above has ended a previous alignment prematurely,
you're probably due for more error messages, and you
might try typing `S' now just to see what is salvageable.

c:/Users/Admin/Documents/GitHub/training_for_CUMCM/main/main.tex:146: Misplaced
 alignment tab character &.
l.146 初始回收量    & $x_0$    &
                            6314   & tons/day \
I can't figure out why you would want to use a tab mark
here. If you just want an ampersand, the remedy is
simple: Just type `I\&' now. But if some right brace
up above has ended a previous alignment prematurely,
you're probably due for more error messages, and you
might try typing `S' now just to see what is salvageable.

c:/Users/Admin/Documents/GitHub/training_for_CUMCM/main/main.tex:146: Misplaced
 alignment tab character &.
l.146 初始回收量    & $x_0$    & 6314   &
                                     tons/day \
I can't figure out why you would want to use a tab mark
here. If you just want an ampersand, the remedy is
simple: Just type `I\&' now. But if some right brace
up above has ended a previous alignment prematurely,
you're probably due for more error messages, and you
might try typing `S' now just to see what is salvageable.

c:/Users/Admin/Documents/GitHub/training_for_CUMCM/main/main.tex:147: Misplaced
 alignment tab character &.
<recently read> &
                 
l.147 导出常数      &
                  $A$      & 0.2688 & --- \
I can't figure out why you would want to use a tab mark
here. If you just want an ampersand, the remedy is
simple: Just type `I\&' now. But if some right brace
up above has ended a previous alignment prematurely,
you're probably due for more error messages, and you
might try typing `S' now just to see what is salvageable.

c:/Users/Admin/Documents/GitHub/training_for_CUMCM/main/main.tex:147: Misplaced
 alignment tab character &.
l.147 导出常数      & $A$      &
                             0.2688 & --- \
I can't figure out why you would want to use a tab mark
here. If you just want an ampersand, the remedy is
simple: Just type `I\&' now. But if some right brace
up above has ended a previous alignment prematurely,
you're probably due for more error messages, and you
might try typing `S' now just to see what is salvageable.

c:/Users/Admin/Documents/GitHub/training_for_CUMCM/main/main.tex:147: Misplaced
 alignment tab character &.
l.147 导出常数      & $A$      & 0.2688 &
                                      --- \
I can't figure out why you would want to use a tab mark
here. If you just want an ampersand, the remedy is
simple: Just type `I\&' now. But if some right brace
up above has ended a previous alignment prematurely,
you're probably due for more error messages, and you
might try typing `S' now just to see what is salvageable.

c:/Users/Admin/Documents/GitHub/training_for_CUMCM/main/main.tex:148: Misplaced
 \noalign.
\bottomrule ->\noalign 
                       {\ifnum 0=`}\fi \@aboverulesep =\aboverulesep \global...
l.148 \bottomrule
                 
I expect to see \noalign only after the \cr of
an alignment. Proceed, and I'll ignore this case.

c:/Users/Admin/Documents/GitHub/training_for_CUMCM/main/main.tex:149: Misplaced
 \crcr.
\endtabular ->\crcr 
                    \egroup \egroup $\egroup 
l.149 \end{tabular}
                   
I can't figure out why you would want to use a tab mark
or \cr or \span just now. If something like a right brace
up above has ended a previous alignment prematurely,
you're probably due for more error messages, and you
might try typing `S' now just to see what is salvageable.

c:/Users/Admin/Documents/GitHub/training_for_CUMCM/main/main.tex:149: Extra }, 
or forgotten $.
\endtabular ->\crcr \egroup \egroup 
                                    $\egroup 
l.149 \end{tabular}
                   
I've deleted a group-closing symbol because it seems to be
spurious, as in `$x}$'. But perhaps the } is legitimate and
you forgot something else, as in `\hbox{$x}'. In such cases
the way to recover is to insert both the forgotten and the
deleted material, e.g., by typing `I$}'.

[4]
c:/Users/Admin/Documents/GitHub/training_for_CUMCM/main/main.tex:165: Misplaced
 \noalign.
\midrule ->\noalign 
                    {\ifnum 0=`}\fi \@aboverulesep =\aboverulesep \global \@...
l.165 \midrule
              
I expect to see \noalign only after the \cr of
an alignment. Proceed, and I'll ignore this case.

c:/Users/Admin/Documents/GitHub/training_for_CUMCM/main/main.tex:166: Missing }
 inserted.
<inserted text> 
                }
l.166 $
       R^2$  & 0.5319 \
I've inserted something that you may have forgotten.
(See the <inserted text> above.)
With luck, this will get me unwedged. But if you
really didn't forget anything, try typing `2' now; then
my insertion and my current dilemma will both disappear.

c:/Users/Admin/Documents/GitHub/training_for_CUMCM/main/main.tex:166: Missing }
 inserted.
<inserted text> 
                }
l.166 $
       R^2$  & 0.5319 \
I've inserted something that you may have forgotten.
(See the <inserted text> above.)
With luck, this will get me unwedged. But if you
really didn't forget anything, try typing `2' now; then
my insertion and my current dilemma will both disappear.

c:/Users/Admin/Documents/GitHub/training_for_CUMCM/main/main.tex:166: Missing }
 inserted.
<inserted text> 
                }
l.166 $
       R^2$  & 0.5319 \
I've inserted something that you may have forgotten.
(See the <inserted text> above.)
With luck, this will get me unwedged. But if you
really didn't forget anything, try typing `2' now; then
my insertion and my current dilemma will both disappear.

c:/Users/Admin/Documents/GitHub/training_for_CUMCM/main/main.tex:166: Missing \
cr inserted.
<inserted text> 
                \cr 
l.166 $
       R^2$  & 0.5319 \
I'm guessing that you meant to end an alignment here.

c:/Users/Admin/Documents/GitHub/training_for_CUMCM/main/main.tex:166: Missing {
 inserted.
<inserted text> 
                {
l.166 $
       R^2$  & 0.5319 \
I've put in what seems to be necessary to fix
the current column of the current alignment.
Try to go on, since this might almost work.

c:/Users/Admin/Documents/GitHub/training_for_CUMCM/main/main.tex:166: Undefined
 control sequence.
\@BTrule ...\doublerulesep \fi \fi \fi \@BTswitch 
                                                  
l.166 $
       R^2$  & 0.5319 \
The control sequence at the end of the top line
of your error message was never \def'ed. If you have
misspelled it (e.g., `\hobx'), type `I' and the correct
spelling (e.g., `I\hbox'). Otherwise just continue,
and I'll forget about whatever was undefined.

c:/Users/Admin/Documents/GitHub/training_for_CUMCM/main/main.tex:166: Misplaced
 alignment tab character &.
l.166 $R^2$  &
               0.5319 \
I can't figure out why you would want to use a tab mark
here. If you just want an ampersand, the remedy is
simple: Just type `I\&' now. But if some right brace
up above has ended a previous alignment prematurely,
you're probably due for more error messages, and you
might try typing `S' now just to see what is salvageable.

c:/Users/Admin/Documents/GitHub/training_for_CUMCM/main/main.tex:167: Misplaced
 alignment tab character &.
l.167 MAE    &
               315.6 \
I can't figure out why you would want to use a tab mark
here. If you just want an ampersand, the remedy is
simple: Just type `I\&' now. But if some right brace
up above has ended a previous alignment prematurely,
you're probably due for more error messages, and you
might try typing `S' now just to see what is salvageable.

c:/Users/Admin/Documents/GitHub/training_for_CUMCM/main/main.tex:168: Misplaced
 alignment tab character &.
l.168 MAPE   &
               4.42\% \
I can't figure out why you would want to use a tab mark
here. If you just want an ampersand, the remedy is
simple: Just type `I\&' now. But if some right brace
up above has ended a previous alignment prematurely,
you're probably due for more error messages, and you
might try typing `S' now just to see what is salvageable.

c:/Users/Admin/Documents/GitHub/training_for_CUMCM/main/main.tex:169: Misplaced
 \noalign.
\bottomrule ->\noalign 
                       {\ifnum 0=`}\fi \@aboverulesep =\aboverulesep \global...
l.169 \bottomrule
                 
I expect to see \noalign only after the \cr of
an alignment. Proceed, and I'll ignore this case.

c:/Users/Admin/Documents/GitHub/training_for_CUMCM/main/main.tex:170: Misplaced
 \crcr.
\endtabular ->\crcr 
                    \egroup \egroup $\egroup 
l.170 \end{tabular}
                   
I can't figure out why you would want to use a tab mark
or \cr or \span just now. If something like a right brace
up above has ended a previous alignment prematurely,
you're probably due for more error messages, and you
might try typing `S' now just to see what is salvageable.

c:/Users/Admin/Documents/GitHub/training_for_CUMCM/main/main.tex:170: Extra }, 
or forgotten $.
\endtabular ->\crcr \egroup \egroup 
                                    $\egroup 
l.170 \end{tabular}
                   
I've deleted a group-closing symbol because it seems to be
spurious, as in `$x}$'. But perhaps the } is legitimate and
you forgot something else, as in `\hbox{$x}'. In such cases
the way to recover is to insert both the forgotten and the
deleted material, e.g., by typing `I$}'.

c:/Users/Admin/Documents/GitHub/training_for_CUMCM/main/main.tex:179: Misplaced
 \noalign.
\midrule ->\noalign 
                    {\ifnum 0=`}\fi \@aboverulesep =\aboverulesep \global \@...
l.179 \midrule
              
I expect to see \noalign only after the \cr of
an alignment. Proceed, and I'll ignore this case.

c:/Users/Admin/Documents/GitHub/training_for_CUMCM/main/main.tex:180: Missing }
 inserted.
<inserted text> 
                }
l.180 0
          & 6314 & 6314.0 & $-0.0$   & $-0.00\%$ \
I've inserted something that you may have forgotten.
(See the <inserted text> above.)
With luck, this will get me unwedged. But if you
really didn't forget anything, try typing `2' now; then
my insertion and my current dilemma will both disappear.

c:/Users/Admin/Documents/GitHub/training_for_CUMCM/main/main.tex:180: Missing }
 inserted.
<inserted text> 
                }
l.180 0
          & 6314 & 6314.0 & $-0.0$   & $-0.00\%$ \
I've inserted something that you may have forgotten.
(See the <inserted text> above.)
With luck, this will get me unwedged. But if you
really didn't forget anything, try typing `2' now; then
my insertion and my current dilemma will both disappear.

c:/Users/Admin/Documents/GitHub/training_for_CUMCM/main/main.tex:180: Missing }
 inserted.
<inserted text> 
                }
l.180 0
          & 6314 & 6314.0 & $-0.0$   & $-0.00\%$ \
I've inserted something that you may have forgotten.
(See the <inserted text> above.)
With luck, this will get me unwedged. But if you
really didn't forget anything, try typing `2' now; then
my insertion and my current dilemma will both disappear.

c:/Users/Admin/Documents/GitHub/training_for_CUMCM/main/main.tex:180: Missing \
cr inserted.
<inserted text> 
                \cr 
l.180 0
          & 6314 & 6314.0 & $-0.0$   & $-0.00\%$ \
I'm guessing that you meant to end an alignment here.

c:/Users/Admin/Documents/GitHub/training_for_CUMCM/main/main.tex:180: Missing {
 inserted.
<inserted text> 
                {
l.180 0
          & 6314 & 6314.0 & $-0.0$   & $-0.00\%$ \
I've put in what seems to be necessary to fix
the current column of the current alignment.
Try to go on, since this might almost work.

c:/Users/Admin/Documents/GitHub/training_for_CUMCM/main/main.tex:180: Undefined
 control sequence.
\@BTrule ...\doublerulesep \fi \fi \fi \@BTswitch 
                                                  
l.180 0
          & 6314 & 6314.0 & $-0.0$   & $-0.00\%$ \
The control sequence at the end of the top line
of your error message was never \def'ed. If you have
misspelled it (e.g., `\hobx'), type `I' and the correct
spelling (e.g., `I\hbox'). Otherwise just continue,
and I'll forget about whatever was undefined.

c:/Users/Admin/Documents/GitHub/training_for_CUMCM/main/main.tex:180: Misplaced
 alignment tab character &.
l.180 0   &
            6314 & 6314.0 & $-0.0$   & $-0.00\%$ \
I can't figure out why you would want to use a tab mark
here. If you just want an ampersand, the remedy is
simple: Just type `I\&' now. But if some right brace
up above has ended a previous alignment prematurely,
you're probably due for more error messages, and you
might try typing `S' now just to see what is salvageable.

c:/Users/Admin/Documents/GitHub/training_for_CUMCM/main/main.tex:180: Misplaced
 alignment tab character &.
l.180 0   & 6314 &
                   6314.0 & $-0.0$   & $-0.00\%$ \
I can't figure out why you would want to use a tab mark
here. If you just want an ampersand, the remedy is
simple: Just type `I\&' now. But if some right brace
up above has ended a previous alignment prematurely,
you're probably due for more error messages, and you
might try typing `S' now just to see what is salvageable.

c:/Users/Admin/Documents/GitHub/training_for_CUMCM/main/main.tex:180: Misplaced
 alignment tab character &.
l.180 0   & 6314 & 6314.0 &
                            $-0.0$   & $-0.00\%$ \
I can't figure out why you would want to use a tab mark
here. If you just want an ampersand, the remedy is
simple: Just type `I\&' now. But if some right brace
up above has ended a previous alignment prematurely,
you're probably due for more error messages, and you
might try typing `S' now just to see what is salvageable.

c:/Users/Admin/Documents/GitHub/training_for_CUMCM/main/main.tex:180: Misplaced
 alignment tab character &.
l.180 0   & 6314 & 6314.0 & $-0.0$   &
                                       $-0.00\%$ \
I can't figure out why you would want to use a tab mark
here. If you just want an ampersand, the remedy is
simple: Just type `I\&' now. But if some right brace
up above has ended a previous alignment prematurely,
you're probably due for more error messages, and you
might try typing `S' now just to see what is salvageable.

c:/Users/Admin/Documents/GitHub/training_for_CUMCM/main/main.tex:181: Misplaced
 alignment tab character &.
l.181 30  &
            6542 & 7033.9 & $-491.9$ & $-7.52\%$ \
I can't figure out why you would want to use a tab mark
here. If you just want an ampersand, the remedy is
simple: Just type `I\&' now. But if some right brace
up above has ended a previous alignment prematurely,
you're probably due for more error messages, and you
might try typing `S' now just to see what is salvageable.

c:/Users/Admin/Documents/GitHub/training_for_CUMCM/main/main.tex:181: Misplaced
 alignment tab character &.
l.181 30  & 6542 &
                   7033.9 & $-491.9$ & $-7.52\%$ \
I can't figure out why you would want to use a tab mark
here. If you just want an ampersand, the remedy is
simple: Just type `I\&' now. But if some right brace
up above has ended a previous alignment prematurely,
you're probably due for more error messages, and you
might try typing `S' now just to see what is salvageable.

c:/Users/Admin/Documents/GitHub/training_for_CUMCM/main/main.tex:181: Misplaced
 alignment tab character &.
l.181 30  & 6542 & 7033.9 &
                            $-491.9$ & $-7.52\%$ \
I can't figure out why you would want to use a tab mark
here. If you just want an ampersand, the remedy is
simple: Just type `I\&' now. But if some right brace
up above has ended a previous alignment prematurely,
you're probably due for more error messages, and you
might try typing `S' now just to see what is salvageable.

c:/Users/Admin/Documents/GitHub/training_for_CUMCM/main/main.tex:181: Misplaced
 alignment tab character &.
l.181 30  & 6542 & 7033.9 & $-491.9$ &
                                       $-7.52\%$ \
I can't figure out why you would want to use a tab mark
here. If you just want an ampersand, the remedy is
simple: Just type `I\&' now. But if some right brace
up above has ended a previous alignment prematurely,
you're probably due for more error messages, and you
might try typing `S' now just to see what is salvageable.

c:/Users/Admin/Documents/GitHub/training_for_CUMCM/main/main.tex:182: Misplaced
 alignment tab character &.
l.182 60  &
            6875 & 7474.4 & $-599.4$ & $-8.72\%$ \
I can't figure out why you would want to use a tab mark
here. If you just want an ampersand, the remedy is
simple: Just type `I\&' now. But if some right brace
up above has ended a previous alignment prematurely,
you're probably due for more error messages, and you
might try typing `S' now just to see what is salvageable.

c:/Users/Admin/Documents/GitHub/training_for_CUMCM/main/main.tex:182: Misplaced
 alignment tab character &.
l.182 60  & 6875 &
                   7474.4 & $-599.4$ & $-8.72\%$ \
I can't figure out why you would want to use a tab mark
here. If you just want an ampersand, the remedy is
simple: Just type `I\&' now. But if some right brace
up above has ended a previous alignment prematurely,
you're probably due for more error messages, and you
might try typing `S' now just to see what is salvageable.

c:/Users/Admin/Documents/GitHub/training_for_CUMCM/main/main.tex:182: Misplaced
 alignment tab character &.
l.182 60  & 6875 & 7474.4 &
                            $-599.4$ & $-8.72\%$ \
I can't figure out why you would want to use a tab mark
here. If you just want an ampersand, the remedy is
simple: Just type `I\&' now. But if some right brace
up above has ended a previous alignment prematurely,
you're probably due for more error messages, and you
might try typing `S' now just to see what is salvageable.

c:/Users/Admin/Documents/GitHub/training_for_CUMCM/main/main.tex:182: Misplaced
 alignment tab character &.
l.182 60  & 6875 & 7474.4 & $-599.4$ &
                                       $-8.72\%$ \
I can't figure out why you would want to use a tab mark
here. If you just want an ampersand, the remedy is
simple: Just type `I\&' now. But if some right brace
up above has ended a previous alignment prematurely,
you're probably due for more error messages, and you
might try typing `S' now just to see what is salvageable.

c:/Users/Admin/Documents/GitHub/training_for_CUMCM/main/main.tex:183: Misplaced
 alignment tab character &.
l.183 90  &
            7173 & 7724.4 & $-551.4$ & $-7.69\%$ \
I can't figure out why you would want to use a tab mark
here. If you just want an ampersand, the remedy is
simple: Just type `I\&' now. But if some right brace
up above has ended a previous alignment prematurely,
you're probably due for more error messages, and you
might try typing `S' now just to see what is salvageable.

c:/Users/Admin/Documents/GitHub/training_for_CUMCM/main/main.tex:183: Misplaced
 alignment tab character &.
l.183 90  & 7173 &
                   7724.4 & $-551.4$ & $-7.69\%$ \
I can't figure out why you would want to use a tab mark
here. If you just want an ampersand, the remedy is
simple: Just type `I\&' now. But if some right brace
up above has ended a previous alignment prematurely,
you're probably due for more error messages, and you
might try typing `S' now just to see what is salvageable.

c:/Users/Admin/Documents/GitHub/training_for_CUMCM/main/main.tex:183: Misplaced
 alignment tab character &.
l.183 90  & 7173 & 7724.4 &
                            $-551.4$ & $-7.69\%$ \
I can't figure out why you would want to use a tab mark
here. If you just want an ampersand, the remedy is
simple: Just type `I\&' now. But if some right brace
up above has ended a previous alignment prematurely,
you're probably due for more error messages, and you
might try typing `S' now just to see what is salvageable.

c:/Users/Admin/Documents/GitHub/training_for_CUMCM/main/main.tex:183: Misplaced
 alignment tab character &.
l.183 90  & 7173 & 7724.4 & $-551.4$ &
                                       $-7.69\%$ \
I can't figure out why you would want to use a tab mark
here. If you just want an ampersand, the remedy is
simple: Just type `I\&' now. But if some right brace
up above has ended a previous alignment prematurely,
you're probably due for more error messages, and you
might try typing `S' now just to see what is salvageable.

c:/Users/Admin/Documents/GitHub/training_for_CUMCM/main/main.tex:184: Misplaced
 alignment tab character &.
l.184 120 &
            7368 & 7860.2 & $-492.2$ & $-6.68\%$ \
I can't figure out why you would want to use a tab mark
here. If you just want an ampersand, the remedy is
simple: Just type `I\&' now. But if some right brace
up above has ended a previous alignment prematurely,
you're probably due for more error messages, and you
might try typing `S' now just to see what is salvageable.

c:/Users/Admin/Documents/GitHub/training_for_CUMCM/main/main.tex:184: Misplaced
 alignment tab character &.
l.184 120 & 7368 &
                   7860.2 & $-492.2$ & $-6.68\%$ \
I can't figure out why you would want to use a tab mark
here. If you just want an ampersand, the remedy is
simple: Just type `I\&' now. But if some right brace
up above has ended a previous alignment prematurely,
you're probably due for more error messages, and you
might try typing `S' now just to see what is salvageable.

c:/Users/Admin/Documents/GitHub/training_for_CUMCM/main/main.tex:184: Misplaced
 alignment tab character &.
l.184 120 & 7368 & 7860.2 &
                            $-492.2$ & $-6.68\%$ \
I can't figure out why you would want to use a tab mark
here. If you just want an ampersand, the remedy is
simple: Just type `I\&' now. But if some right brace
up above has ended a previous alignment prematurely,
you're probably due for more error messages, and you
might try typing `S' now just to see what is salvageable.

c:/Users/Admin/Documents/GitHub/training_for_CUMCM/main/main.tex:184: Misplaced
 alignment tab character &.
l.184 120 & 7368 & 7860.2 & $-492.2$ &
                                       $-6.68\%$ \
I can't figure out why you would want to use a tab mark
here. If you just want an ampersand, the remedy is
simple: Just type `I\&' now. But if some right brace
up above has ended a previous alignment prematurely,
you're probably due for more error messages, and you
might try typing `S' now just to see what is salvageable.

c:/Users/Admin/Documents/GitHub/training_for_CUMCM/main/main.tex:185: Misplaced
 alignment tab character &.
l.185 150 &
            7591 & 7932.4 & $-341.4$ & $-4.50\%$ \
I can't figure out why you would want to use a tab mark
here. If you just want an ampersand, the remedy is
simple: Just type `I\&' now. But if some right brace
up above has ended a previous alignment prematurely,
you're probably due for more error messages, and you
might try typing `S' now just to see what is salvageable.

c:/Users/Admin/Documents/GitHub/training_for_CUMCM/main/main.tex:185: Misplaced
 alignment tab character &.
l.185 150 & 7591 &
                   7932.4 & $-341.4$ & $-4.50\%$ \
I can't figure out why you would want to use a tab mark
here. If you just want an ampersand, the remedy is
simple: Just type `I\&' now. But if some right brace
up above has ended a previous alignment prematurely,
you're probably due for more error messages, and you
might try typing `S' now just to see what is salvageable.

c:/Users/Admin/Documents/GitHub/training_for_CUMCM/main/main.tex:185: Misplaced
 alignment tab character &.
l.185 150 & 7591 & 7932.4 &
                            $-341.4$ & $-4.50\%$ \
I can't figure out why you would want to use a tab mark
here. If you just want an ampersand, the remedy is
simple: Just type `I\&' now. But if some right brace
up above has ended a previous alignment prematurely,
you're probably due for more error messages, and you
might try typing `S' now just to see what is salvageable.

c:/Users/Admin/Documents/GitHub/training_for_CUMCM/main/main.tex:185: Misplaced
 alignment tab character &.
l.185 150 & 7591 & 7932.4 & $-341.4$ &
                                       $-4.50\%$ \
I can't figure out why you would want to use a tab mark
here. If you just want an ampersand, the remedy is
simple: Just type `I\&' now. But if some right brace
up above has ended a previous alignment prematurely,
you're probably due for more error messages, and you
might try typing `S' now just to see what is salvageable.

c:/Users/Admin/Documents/GitHub/training_for_CUMCM/main/main.tex:186: Misplaced
 alignment tab character &.
l.186 180 &
            7724 & 7970.2 & $-246.2$ & $-3.19\%$ \
I can't figure out why you would want to use a tab mark
here. If you just want an ampersand, the remedy is
simple: Just type `I\&' now. But if some right brace
up above has ended a previous alignment prematurely,
you're probably due for more error messages, and you
might try typing `S' now just to see what is salvageable.

c:/Users/Admin/Documents/GitHub/training_for_CUMCM/main/main.tex:186: Misplaced
 alignment tab character &.
l.186 180 & 7724 &
                   7970.2 & $-246.2$ & $-3.19\%$ \
I can't figure out why you would want to use a tab mark
here. If you just want an ampersand, the remedy is
simple: Just type `I\&' now. But if some right brace
up above has ended a previous alignment prematurely,
you're probably due for more error messages, and you
might try typing `S' now just to see what is salvageable.

c:/Users/Admin/Documents/GitHub/training_for_CUMCM/main/main.tex:186: Misplaced
 alignment tab character &.
l.186 180 & 7724 & 7970.2 &
                            $-246.2$ & $-3.19\%$ \
I can't figure out why you would want to use a tab mark
here. If you just want an ampersand, the remedy is
simple: Just type `I\&' now. But if some right brace
up above has ended a previous alignment prematurely,
you're probably due for more error messages, and you
might try typing `S' now just to see what is salvageable.

c:/Users/Admin/Documents/GitHub/training_for_CUMCM/main/main.tex:186: Misplaced
 alignment tab character &.
l.186 180 & 7724 & 7970.2 & $-246.2$ &
                                       $-3.19\%$ \
I can't figure out why you would want to use a tab mark
here. If you just want an ampersand, the remedy is
simple: Just type `I\&' now. But if some right brace
up above has ended a previous alignment prematurely,
you're probably due for more error messages, and you
might try typing `S' now just to see what is salvageable.

c:/Users/Admin/Documents/GitHub/training_for_CUMCM/main/main.tex:187: Misplaced
 alignment tab character &.
l.187 270 &
            7896 & 8005.3 & $-109.3$ & $-1.38\%$ \
I can't figure out why you would want to use a tab mark
here. If you just want an ampersand, the remedy is
simple: Just type `I\&' now. But if some right brace
up above has ended a previous alignment prematurely,
you're probably due for more error messages, and you
might try typing `S' now just to see what is salvageable.

c:/Users/Admin/Documents/GitHub/training_for_CUMCM/main/main.tex:187: Misplaced
 alignment tab character &.
l.187 270 & 7896 &
                   8005.3 & $-109.3$ & $-1.38\%$ \
I can't figure out why you would want to use a tab mark
here. If you just want an ampersand, the remedy is
simple: Just type `I\&' now. But if some right brace
up above has ended a previous alignment prematurely,
you're probably due for more error messages, and you
might try typing `S' now just to see what is salvageable.

c:/Users/Admin/Documents/GitHub/training_for_CUMCM/main/main.tex:187: Misplaced
 alignment tab character &.
l.187 270 & 7896 & 8005.3 &
                            $-109.3$ & $-1.38\%$ \
I can't figure out why you would want to use a tab mark
here. If you just want an ampersand, the remedy is
simple: Just type `I\&' now. But if some right brace
up above has ended a previous alignment prematurely,
you're probably due for more error messages, and you
might try typing `S' now just to see what is salvageable.

c:/Users/Admin/Documents/GitHub/training_for_CUMCM/main/main.tex:187: Misplaced
 alignment tab character &.
l.187 270 & 7896 & 8005.3 & $-109.3$ &
                                       $-1.38\%$ \
I can't figure out why you would want to use a tab mark
here. If you just want an ampersand, the remedy is
simple: Just type `I\&' now. But if some right brace
up above has ended a previous alignment prematurely,
you're probably due for more error messages, and you
might try typing `S' now just to see what is salvageable.

c:/Users/Admin/Documents/GitHub/training_for_CUMCM/main/main.tex:188: Misplaced
 alignment tab character &.
l.188 365 &
            8002 & 8010.3 & $-8.3$   & $-0.10\%$ \
I can't figure out why you would want to use a tab mark
here. If you just want an ampersand, the remedy is
simple: Just type `I\&' now. But if some right brace
up above has ended a previous alignment prematurely,
you're probably due for more error messages, and you
might try typing `S' now just to see what is salvageable.

c:/Users/Admin/Documents/GitHub/training_for_CUMCM/main/main.tex:188: Misplaced
 alignment tab character &.
l.188 365 & 8002 &
                   8010.3 & $-8.3$   & $-0.10\%$ \
I can't figure out why you would want to use a tab mark
here. If you just want an ampersand, the remedy is
simple: Just type `I\&' now. But if some right brace
up above has ended a previous alignment prematurely,
you're probably due for more error messages, and you
might try typing `S' now just to see what is salvageable.

c:/Users/Admin/Documents/GitHub/training_for_CUMCM/main/main.tex:188: Misplaced
 alignment tab character &.
l.188 365 & 8002 & 8010.3 &
                            $-8.3$   & $-0.10\%$ \
I can't figure out why you would want to use a tab mark
here. If you just want an ampersand, the remedy is
simple: Just type `I\&' now. But if some right brace
up above has ended a previous alignment prematurely,
you're probably due for more error messages, and you
might try typing `S' now just to see what is salvageable.

c:/Users/Admin/Documents/GitHub/training_for_CUMCM/main/main.tex:188: Misplaced
 alignment tab character &.
l.188 365 & 8002 & 8010.3 & $-8.3$   &
                                       $-0.10\%$ \
I can't figure out why you would want to use a tab mark
here. If you just want an ampersand, the remedy is
simple: Just type `I\&' now. But if some right brace
up above has ended a previous alignment prematurely,
you're probably due for more error messages, and you
might try typing `S' now just to see what is salvageable.

c:/Users/Admin/Documents/GitHub/training_for_CUMCM/main/main.tex:189: Misplaced
 \noalign.
\bottomrule ->\noalign 
                       {\ifnum 0=`}\fi \@aboverulesep =\aboverulesep \global...
l.189 \bottomrule
                 
I expect to see \noalign only after the \cr of
an alignment. Proceed, and I'll ignore this case.

c:/Users/Admin/Documents/GitHub/training_for_CUMCM/main/main.tex:190: Misplaced
 \crcr.
\endtabular ->\crcr 
                    \egroup \egroup $\egroup 
l.190 \end{tabular}
                   
I can't figure out why you would want to use a tab mark
or \cr or \span just now. If something like a right brace
up above has ended a previous alignment prematurely,
you're probably due for more error messages, and you
might try typing `S' now just to see what is salvageable.

c:/Users/Admin/Documents/GitHub/training_for_CUMCM/main/main.tex:190: Extra }, 
or forgotten $.
\endtabular ->\crcr \egroup \egroup 
                                    $\egroup 
l.190 \end{tabular}
                   
I've deleted a group-closing symbol because it seems to be
spurious, as in `$x}$'. But perhaps the } is legitimate and
you forgot something else, as in `\hbox{$x}'. In such cases
the way to recover is to insert both the forgotten and the
deleted material, e.g., by typing `I$}'.

c:/Users/Admin/Documents/GitHub/training_for_CUMCM/main/main.tex:209: Misplaced
 \noalign.
\midrule ->\noalign 
                    {\ifnum 0=`}\fi \@aboverulesep =\aboverulesep \global \@...
l.209 \midrule
              
I expect to see \noalign only after the \cr of
an alignment. Proceed, and I'll ignore this case.

c:/Users/Admin/Documents/GitHub/training_for_CUMCM/main/main.tex:210: Missing }
 inserted.
<inserted text> 
                }
l.210 4
       00 & 8010.7 & 99.996\% \
I've inserted something that you may have forgotten.
(See the <inserted text> above.)
With luck, this will get me unwedged. But if you
really didn't forget anything, try typing `2' now; then
my insertion and my current dilemma will both disappear.

c:/Users/Admin/Documents/GitHub/training_for_CUMCM/main/main.tex:210: Missing }
 inserted.
<inserted text> 
                }
l.210 4
       00 & 8010.7 & 99.996\% \
I've inserted something that you may have forgotten.
(See the <inserted text> above.)
With luck, this will get me unwedged. But if you
really didn't forget anything, try typing `2' now; then
my insertion and my current dilemma will both disappear.

c:/Users/Admin/Documents/GitHub/training_for_CUMCM/main/main.tex:210: Missing }
 inserted.
<inserted text> 
                }
l.210 4
       00 & 8010.7 & 99.996\% \
I've inserted something that you may have forgotten.
(See the <inserted text> above.)
With luck, this will get me unwedged. But if you
really didn't forget anything, try typing `2' now; then
my insertion and my current dilemma will both disappear.

c:/Users/Admin/Documents/GitHub/training_for_CUMCM/main/main.tex:210: Missing \
cr inserted.
<inserted text> 
                \cr 
l.210 4
       00 & 8010.7 & 99.996\% \
I'm guessing that you meant to end an alignment here.

c:/Users/Admin/Documents/GitHub/training_for_CUMCM/main/main.tex:210: Missing {
 inserted.
<inserted text> 
                {
l.210 4
       00 & 8010.7 & 99.996\% \
I've put in what seems to be necessary to fix
the current column of the current alignment.
Try to go on, since this might almost work.

c:/Users/Admin/Documents/GitHub/training_for_CUMCM/main/main.tex:210: Undefined
 control sequence.
\@BTrule ...\doublerulesep \fi \fi \fi \@BTswitch 
                                                  
l.210 4
       00 & 8010.7 & 99.996\% \
The control sequence at the end of the top line
of your error message was never \def'ed. If you have
misspelled it (e.g., `\hobx'), type `I' and the correct
spelling (e.g., `I\hbox'). Otherwise just continue,
and I'll forget about whatever was undefined.

c:/Users/Admin/Documents/GitHub/training_for_CUMCM/main/main.tex:210: Misplaced
 alignment tab character &.
l.210 400 &
            8010.7 & 99.996\% \
I can't figure out why you would want to use a tab mark
here. If you just want an ampersand, the remedy is
simple: Just type `I\&' now. But if some right brace
up above has ended a previous alignment prematurely,
you're probably due for more error messages, and you
might try typing `S' now just to see what is salvageable.

c:/Users/Admin/Documents/GitHub/training_for_CUMCM/main/main.tex:210: Misplaced
 alignment tab character &.
l.210 400 & 8010.7 &
                     99.996\% \
I can't figure out why you would want to use a tab mark
here. If you just want an ampersand, the remedy is
simple: Just type `I\&' now. But if some right brace
up above has ended a previous alignment prematurely,
you're probably due for more error messages, and you
might try typing `S' now just to see what is salvageable.

c:/Users/Admin/Documents/GitHub/training_for_CUMCM/main/main.tex:211: Misplaced
 alignment tab character &.
l.211 450 &
            8010.9 & 99.999\% \
I can't figure out why you would want to use a tab mark
here. If you just want an ampersand, the remedy is
simple: Just type `I\&' now. But if some right brace
up above has ended a previous alignment prematurely,
you're probably due for more error messages, and you
might try typing `S' now just to see what is salvageable.

c:/Users/Admin/Documents/GitHub/training_for_CUMCM/main/main.tex:211: Misplaced
 alignment tab character &.
l.211 450 & 8010.9 &
                     99.999\% \
I can't figure out why you would want to use a tab mark
here. If you just want an ampersand, the remedy is
simple: Just type `I\&' now. But if some right brace
up above has ended a previous alignment prematurely,
you're probably due for more error messages, and you
might try typing `S' now just to see what is salvageable.

c:/Users/Admin/Documents/GitHub/training_for_CUMCM/main/main.tex:212: Misplaced
 alignment tab character &.
l.212 500 &
            8011.0 & 100.00\% \
I can't figure out why you would want to use a tab mark
here. If you just want an ampersand, the remedy is
simple: Just type `I\&' now. But if some right brace
up above has ended a previous alignment prematurely,
you're probably due for more error messages, and you
might try typing `S' now just to see what is salvageable.

c:/Users/Admin/Documents/GitHub/training_for_CUMCM/main/main.tex:212: Misplaced
 alignment tab character &.
l.212 500 & 8011.0 &
                     100.00\% \
I can't figure out why you would want to use a tab mark
here. If you just want an ampersand, the remedy is
simple: Just type `I\&' now. But if some right brace
up above has ended a previous alignment prematurely,
you're probably due for more error messages, and you
might try typing `S' now just to see what is salvageable.

c:/Users/Admin/Documents/GitHub/training_for_CUMCM/main/main.tex:213: Misplaced
 alignment tab character &.
l.213 600 &
            8011.0 & 100.00\% \
I can't figure out why you would want to use a tab mark
here. If you just want an ampersand, the remedy is
simple: Just type `I\&' now. But if some right brace
up above has ended a previous alignment prematurely,
you're probably due for more error messages, and you
might try typing `S' now just to see what is salvageable.

c:/Users/Admin/Documents/GitHub/training_for_CUMCM/main/main.tex:213: Misplaced
 alignment tab character &.
l.213 600 & 8011.0 &
                     100.00\% \
I can't figure out why you would want to use a tab mark
here. If you just want an ampersand, the remedy is
simple: Just type `I\&' now. But if some right brace
up above has ended a previous alignment prematurely,
you're probably due for more error messages, and you
might try typing `S' now just to see what is salvageable.

c:/Users/Admin/Documents/GitHub/training_for_CUMCM/main/main.tex:214: Misplaced
 alignment tab character &.
l.214 730 &
            8011.0 & 100.00\% \
I can't figure out why you would want to use a tab mark
here. If you just want an ampersand, the remedy is
simple: Just type `I\&' now. But if some right brace
up above has ended a previous alignment prematurely,
you're probably due for more error messages, and you
might try typing `S' now just to see what is salvageable.

c:/Users/Admin/Documents/GitHub/training_for_CUMCM/main/main.tex:214: Misplaced
 alignment tab character &.
l.214 730 & 8011.0 &
                     100.00\% \
I can't figure out why you would want to use a tab mark
here. If you just want an ampersand, the remedy is
simple: Just type `I\&' now. But if some right brace
up above has ended a previous alignment prematurely,
you're probably due for more error messages, and you
might try typing `S' now just to see what is salvageable.

c:/Users/Admin/Documents/GitHub/training_for_CUMCM/main/main.tex:215: Misplaced
 \noalign.
\bottomrule ->\noalign 
                       {\ifnum 0=`}\fi \@aboverulesep =\aboverulesep \global...
l.215 \bottomrule
                 
I expect to see \noalign only after the \cr of
an alignment. Proceed, and I'll ignore this case.

c:/Users/Admin/Documents/GitHub/training_for_CUMCM/main/main.tex:216: Misplaced
 \crcr.
\endtabular ->\crcr 
                    \egroup \egroup $\egroup 
l.216 \end{tabular}
                   
I can't figure out why you would want to use a tab mark
or \cr or \span just now. If something like a right brace
up above has ended a previous alignment prematurely,
you're probably due for more error messages, and you
might try typing `S' now just to see what is salvageable.

c:/Users/Admin/Documents/GitHub/training_for_CUMCM/main/main.tex:216: Extra }, 
or forgotten $.
\endtabular ->\crcr \egroup \egroup 
                                    $\egroup 
l.216 \end{tabular}
                   
I've deleted a group-closing symbol because it seems to be
spurious, as in `$x}$'. But perhaps the } is legitimate and
you forgot something else, as in `\hbox{$x}'. In such cases
the way to recover is to insert both the forgotten and the
deleted material, e.g., by typing `I$}'.

[5] [6]
c:/Users/Admin/Documents/GitHub/training_for_CUMCM/main/main.tex:345: Misplaced
 \noalign.
\midrule ->\noalign 
                    {\ifnum 0=`}\fi \@aboverulesep =\aboverulesep \global \@...
l.345 \midrule
              
I expect to see \noalign only after the \cr of
an alignment. Proceed, and I'll ignore this case.

c:/Users/Admin/Documents/GitHub/training_for_CUMCM/main/main.tex:346: Missing }
 inserted.
<inserted text> 
                }
l.346 固
       定          & $K$                & 8011        & tons/day \
I've inserted something that you may have forgotten.
(See the <inserted text> above.)
With luck, this will get me unwedged. But if you
really didn't forget anything, try typing `2' now; then
my insertion and my current dilemma will both disappear.

c:/Users/Admin/Documents/GitHub/training_for_CUMCM/main/main.tex:346: Missing }
 inserted.
<inserted text> 
                }
l.346 固
       定          & $K$                & 8011        & tons/day \
I've inserted something that you may have forgotten.
(See the <inserted text> above.)
With luck, this will get me unwedged. But if you
really didn't forget anything, try typing `2' now; then
my insertion and my current dilemma will both disappear.

c:/Users/Admin/Documents/GitHub/training_for_CUMCM/main/main.tex:346: Missing }
 inserted.
<inserted text> 
                }
l.346 固
       定          & $K$                & 8011        & tons/day \
I've inserted something that you may have forgotten.
(See the <inserted text> above.)
With luck, this will get me unwedged. But if you
really didn't forget anything, try typing `2' now; then
my insertion and my current dilemma will both disappear.

c:/Users/Admin/Documents/GitHub/training_for_CUMCM/main/main.tex:346: Missing \
cr inserted.
<inserted text> 
                \cr 
l.346 固
       定          & $K$                & 8011        & tons/day \
I'm guessing that you meant to end an alignment here.

c:/Users/Admin/Documents/GitHub/training_for_CUMCM/main/main.tex:346: Missing {
 inserted.
<inserted text> 
                {
l.346 固
       定          & $K$                & 8011        & tons/day \
I've put in what seems to be necessary to fix
the current column of the current alignment.
Try to go on, since this might almost work.

c:/Users/Admin/Documents/GitHub/training_for_CUMCM/main/main.tex:346: Undefined
 control sequence.
\@BTrule ...\doublerulesep \fi \fi \fi \@BTswitch 
                                                  
l.346 固
       定          & $K$                & 8011        & tons/day \
The control sequence at the end of the top line
of your error message was never \def'ed. If you have
misspelled it (e.g., `\hobx'), type `I' and the correct
spelling (e.g., `I\hbox'). Otherwise just continue,
and I'll forget about whatever was undefined.

c:/Users/Admin/Documents/GitHub/training_for_CUMCM/main/main.tex:346: Misplaced
 alignment tab character &.
<recently read> &
                 
l.346 固定          &
                    $K$                & 8011        & tons/day \
I can't figure out why you would want to use a tab mark
here. If you just want an ampersand, the remedy is
simple: Just type `I\&' now. But if some right brace
up above has ended a previous alignment prematurely,
you're probably due for more error messages, and you
might try typing `S' now just to see what is salvageable.

c:/Users/Admin/Documents/GitHub/training_for_CUMCM/main/main.tex:346: Misplaced
 alignment tab character &.
l.346 固定          & $K$                &
                                         8011        & tons/day \
I can't figure out why you would want to use a tab mark
here. If you just want an ampersand, the remedy is
simple: Just type `I\&' now. But if some right brace
up above has ended a previous alignment prematurely,
you're probably due for more error messages, and you
might try typing `S' now just to see what is salvageable.

c:/Users/Admin/Documents/GitHub/training_for_CUMCM/main/main.tex:346: Misplaced
 alignment tab character &.
l.346 ...     & $K$                & 8011        &
                                                   tons/day \
I can't figure out why you would want to use a tab mark
here. If you just want an ampersand, the remedy is
simple: Just type `I\&' now. But if some right brace
up above has ended a previous alignment prematurely,
you're probably due for more error messages, and you
might try typing `S' now just to see what is salvageable.

c:/Users/Admin/Documents/GitHub/training_for_CUMCM/main/main.tex:347: Misplaced
 alignment tab character &.
<recently read> &
                 
l.347 固定          &
                    $\gamma$           & 0.022       & 1/day \
I can't figure out why you would want to use a tab mark
here. If you just want an ampersand, the remedy is
simple: Just type `I\&' now. But if some right brace
up above has ended a previous alignment prematurely,
you're probably due for more error messages, and you
might try typing `S' now just to see what is salvageable.

c:/Users/Admin/Documents/GitHub/training_for_CUMCM/main/main.tex:347: Misplaced
 alignment tab character &.
l.347 固定          & $\gamma$           &
                                         0.022       & 1/day \
I can't figure out why you would want to use a tab mark
here. If you just want an ampersand, the remedy is
simple: Just type `I\&' now. But if some right brace
up above has ended a previous alignment prematurely,
you're probably due for more error messages, and you
might try typing `S' now just to see what is salvageable.

c:/Users/Admin/Documents/GitHub/training_for_CUMCM/main/main.tex:347: Misplaced
 alignment tab character &.
l.347 ...     & $\gamma$           & 0.022       &
                                                   1/day \
I can't figure out why you would want to use a tab mark
here. If you just want an ampersand, the remedy is
simple: Just type `I\&' now. But if some right brace
up above has ended a previous alignment prematurely,
you're probably due for more error messages, and you
might try typing `S' now just to see what is salvageable.

c:/Users/Admin/Documents/GitHub/training_for_CUMCM/main/main.tex:348: Misplaced
 alignment tab character &.
<recently read> &
                 
l.348 固定          &
                    $x_0$              & 6314        & tons/day \
I can't figure out why you would want to use a tab mark
here. If you just want an ampersand, the remedy is
simple: Just type `I\&' now. But if some right brace
up above has ended a previous alignment prematurely,
you're probably due for more error messages, and you
might try typing `S' now just to see what is salvageable.

c:/Users/Admin/Documents/GitHub/training_for_CUMCM/main/main.tex:348: Misplaced
 alignment tab character &.
l.348 固定          & $x_0$              &
                                         6314        & tons/day \
I can't figure out why you would want to use a tab mark
here. If you just want an ampersand, the remedy is
simple: Just type `I\&' now. But if some right brace
up above has ended a previous alignment prematurely,
you're probably due for more error messages, and you
might try typing `S' now just to see what is salvageable.

c:/Users/Admin/Documents/GitHub/training_for_CUMCM/main/main.tex:348: Misplaced
 alignment tab character &.
l.348 ...     & $x_0$              & 6314        &
                                                   tons/day \
I can't figure out why you would want to use a tab mark
here. If you just want an ampersand, the remedy is
simple: Just type `I\&' now. But if some right brace
up above has ended a previous alignment prematurely,
you're probably due for more error messages, and you
might try typing `S' now just to see what is salvageable.

c:/Users/Admin/Documents/GitHub/training_for_CUMCM/main/main.tex:349: Misplaced
 \noalign.
\midrule ->\noalign 
                    {\ifnum 0=`}\fi \@aboverulesep =\aboverulesep \global \@...
l.349 \midrule
              
I expect to see \noalign only after the \cr of
an alignment. Proceed, and I'll ignore this case.

c:/Users/Admin/Documents/GitHub/training_for_CUMCM/main/main.tex:350: Misplaced
 alignment tab character &.
<recently read> &
                 
l.350 \textbf{拟合} &
                    $r$                & $\mathbf{0.008485} \pm 0.000655$ & ...
I can't figure out why you would want to use a tab mark
here. If you just want an ampersand, the remedy is
simple: Just type `I\&' now. But if some right brace
up above has ended a previous alignment prematurely,
you're probably due for more error messages, and you
might try typing `S' now just to see what is salvageable.

c:/Users/Admin/Documents/GitHub/training_for_CUMCM/main/main.tex:350: Misplaced
 alignment tab character &.
l.350 \textbf{拟合} & $r$                &
                                         $\mathbf{0.008485} \pm 0.000655$ & ...
I can't figure out why you would want to use a tab mark
here. If you just want an ampersand, the remedy is
simple: Just type `I\&' now. But if some right brace
up above has ended a previous alignment prematurely,
you're probably due for more error messages, and you
might try typing `S' now just to see what is salvageable.

c:/Users/Admin/Documents/GitHub/training_for_CUMCM/main/main.tex:350: Misplaced
 alignment tab character &.
l.350 ...     & $\mathbf{0.008485} \pm 0.000655$ &
                                                   1/day \
I can't figure out why you would want to use a tab mark
here. If you just want an ampersand, the remedy is
simple: Just type `I\&' now. But if some right brace
up above has ended a previous alignment prematurely,
you're probably due for more error messages, and you
might try typing `S' now just to see what is salvageable.

c:/Users/Admin/Documents/GitHub/training_for_CUMCM/main/main.tex:351: Misplaced
 alignment tab character &.
<recently read> &
                 
l.351 \textbf{拟合} &
                    $K_{\text{eff}}$   & $\mathbf{8142.22} \pm 72.77$ & tons...
I can't figure out why you would want to use a tab mark
here. If you just want an ampersand, the remedy is
simple: Just type `I\&' now. But if some right brace
up above has ended a previous alignment prematurely,
you're probably due for more error messages, and you
might try typing `S' now just to see what is salvageable.

c:/Users/Admin/Documents/GitHub/training_for_CUMCM/main/main.tex:351: Misplaced
 alignment tab character &.
l.351 \textbf{拟合} & $K_{\text{eff}}$   &
                                         $\mathbf{8142.22} \pm 72.77$ & tons...
I can't figure out why you would want to use a tab mark
here. If you just want an ampersand, the remedy is
simple: Just type `I\&' now. But if some right brace
up above has ended a previous alignment prematurely,
you're probably due for more error messages, and you
might try typing `S' now just to see what is salvageable.

c:/Users/Admin/Documents/GitHub/training_for_CUMCM/main/main.tex:351: Misplaced
 alignment tab character &.
l.351 ...eff}}$   & $\mathbf{8142.22} \pm 72.77$ &
                                                   tons/day \
I can't figure out why you would want to use a tab mark
here. If you just want an ampersand, the remedy is
simple: Just type `I\&' now. But if some right brace
up above has ended a previous alignment prematurely,
you're probably due for more error messages, and you
might try typing `S' now just to see what is salvageable.

c:/Users/Admin/Documents/GitHub/training_for_CUMCM/main/main.tex:352: Misplaced
 \noalign.
\midrule ->\noalign 
                    {\ifnum 0=`}\fi \@aboverulesep =\aboverulesep \global \@...
l.352 \midrule
              
I expect to see \noalign only after the \cr of
an alignment. Proceed, and I'll ignore this case.

c:/Users/Admin/Documents/GitHub/training_for_CUMCM/main/main.tex:353: Misplaced
 alignment tab character &.
<recently read> &
                 
l.353 导出          &
                    $\alpha$           & $\mathbf{0.016379}$ & --- \
I can't figure out why you would want to use a tab mark
here. If you just want an ampersand, the remedy is
simple: Just type `I\&' now. But if some right brace
up above has ended a previous alignment prematurely,
you're probably due for more error messages, and you
might try typing `S' now just to see what is salvageable.

c:/Users/Admin/Documents/GitHub/training_for_CUMCM/main/main.tex:353: Misplaced
 alignment tab character &.
l.353 导出          & $\alpha$           &
                                         $\mathbf{0.016379}$ & --- \
I can't figure out why you would want to use a tab mark
here. If you just want an ampersand, the remedy is
simple: Just type `I\&' now. But if some right brace
up above has ended a previous alignment prematurely,
you're probably due for more error messages, and you
might try typing `S' now just to see what is salvageable.

c:/Users/Admin/Documents/GitHub/training_for_CUMCM/main/main.tex:353: Misplaced
 alignment tab character &.
l.353 ...\alpha$           & $\mathbf{0.016379}$ &
                                                   --- \
I can't figure out why you would want to use a tab mark
here. If you just want an ampersand, the remedy is
simple: Just type `I\&' now. But if some right brace
up above has ended a previous alignment prematurely,
you're probably due for more error messages, and you
might try typing `S' now just to see what is salvageable.

c:/Users/Admin/Documents/GitHub/training_for_CUMCM/main/main.tex:354: Misplaced
 alignment tab character &.
<recently read> &
                 
l.354 导出          &
                    $\beta$            & $\mathbf{1.592906}$ & --- \
I can't figure out why you would want to use a tab mark
here. If you just want an ampersand, the remedy is
simple: Just type `I\&' now. But if some right brace
up above has ended a previous alignment prematurely,
you're probably due for more error messages, and you
might try typing `S' now just to see what is salvageable.

c:/Users/Admin/Documents/GitHub/training_for_CUMCM/main/main.tex:354: Misplaced
 alignment tab character &.
l.354 导出          & $\beta$            &
                                         $\mathbf{1.592906}$ & --- \
I can't figure out why you would want to use a tab mark
here. If you just want an ampersand, the remedy is
simple: Just type `I\&' now. But if some right brace
up above has ended a previous alignment prematurely,
you're probably due for more error messages, and you
might try typing `S' now just to see what is salvageable.

c:/Users/Admin/Documents/GitHub/training_for_CUMCM/main/main.tex:354: Misplaced
 alignment tab character &.
l.354 ...\beta$            & $\mathbf{1.592906}$ &
                                                   --- \
I can't figure out why you would want to use a tab mark
here. If you just want an ampersand, the remedy is
simple: Just type `I\&' now. But if some right brace
up above has ended a previous alignment prematurely,
you're probably due for more error messages, and you
might try typing `S' now just to see what is salvageable.

c:/Users/Admin/Documents/GitHub/training_for_CUMCM/main/main.tex:355: Misplaced
 \noalign.
\bottomrule ->\noalign 
                       {\ifnum 0=`}\fi \@aboverulesep =\aboverulesep \global...
l.355 \bottomrule
                 
I expect to see \noalign only after the \cr of
an alignment. Proceed, and I'll ignore this case.

c:/Users/Admin/Documents/GitHub/training_for_CUMCM/main/main.tex:356: Misplaced
 \crcr.
\endtabular ->\crcr 
                    \egroup \egroup $\egroup 
l.356 \end{tabular}
                   
I can't figure out why you would want to use a tab mark
or \cr or \span just now. If something like a right brace
up above has ended a previous alignment prematurely,
you're probably due for more error messages, and you
might try typing `S' now just to see what is salvageable.

c:/Users/Admin/Documents/GitHub/training_for_CUMCM/main/main.tex:356: Extra }, 
or forgotten $.
\endtabular ->\crcr \egroup \egroup 
                                    $\egroup 
l.356 \end{tabular}
                   
I've deleted a group-closing symbol because it seems to be
spurious, as in `$x}$'. But perhaps the } is legitimate and
you forgot something else, as in `\hbox{$x}'. In such cases
the way to recover is to insert both the forgotten and the
deleted material, e.g., by typing `I$}'.

[7]
c:/Users/Admin/Documents/GitHub/training_for_CUMCM/main/main.tex:387: Misplaced
 \noalign.
\midrule ->\noalign 
                    {\ifnum 0=`}\fi \@aboverulesep =\aboverulesep \global \@...
l.387 \midrule
              
I expect to see \noalign only after the \cr of
an alignment. Proceed, and I'll ignore this case.

c:/Users/Admin/Documents/GitHub/training_for_CUMCM/main/main.tex:388: Missing }
 inserted.
<inserted text> 
                }
l.388 $
       R^2$  & 0.5319 & \textbf{0.9915} \
I've inserted something that you may have forgotten.
(See the <inserted text> above.)
With luck, this will get me unwedged. But if you
really didn't forget anything, try typing `2' now; then
my insertion and my current dilemma will both disappear.

c:/Users/Admin/Documents/GitHub/training_for_CUMCM/main/main.tex:388: Missing }
 inserted.
<inserted text> 
                }
l.388 $
       R^2$  & 0.5319 & \textbf{0.9915} \
I've inserted something that you may have forgotten.
(See the <inserted text> above.)
With luck, this will get me unwedged. But if you
really didn't forget anything, try typing `2' now; then
my insertion and my current dilemma will both disappear.

c:/Users/Admin/Documents/GitHub/training_for_CUMCM/main/main.tex:388: Missing }
 inserted.
<inserted text> 
                }
l.388 $
       R^2$  & 0.5319 & \textbf{0.9915} \
I've inserted something that you may have forgotten.
(See the <inserted text> above.)
With luck, this will get me unwedged. But if you
really didn't forget anything, try typing `2' now; then
my insertion and my current dilemma will both disappear.

c:/Users/Admin/Documents/GitHub/training_for_CUMCM/main/main.tex:388: Missing \
cr inserted.
<inserted text> 
                \cr 
l.388 $
       R^2$  & 0.5319 & \textbf{0.9915} \
I'm guessing that you meant to end an alignment here.

c:/Users/Admin/Documents/GitHub/training_for_CUMCM/main/main.tex:388: Missing {
 inserted.
<inserted text> 
                {
l.388 $
       R^2$  & 0.5319 & \textbf{0.9915} \
I've put in what seems to be necessary to fix
the current column of the current alignment.
Try to go on, since this might almost work.

c:/Users/Admin/Documents/GitHub/training_for_CUMCM/main/main.tex:388: Undefined
 control sequence.
\@BTrule ...\doublerulesep \fi \fi \fi \@BTswitch 
                                                  
l.388 $
       R^2$  & 0.5319 & \textbf{0.9915} \
The control sequence at the end of the top line
of your error message was never \def'ed. If you have
misspelled it (e.g., `\hobx'), type `I' and the correct
spelling (e.g., `I\hbox'). Otherwise just continue,
and I'll forget about whatever was undefined.

c:/Users/Admin/Documents/GitHub/training_for_CUMCM/main/main.tex:388: Misplaced
 alignment tab character &.
l.388 $R^2$  &
               0.5319 & \textbf{0.9915} \
I can't figure out why you would want to use a tab mark
here. If you just want an ampersand, the remedy is
simple: Just type `I\&' now. But if some right brace
up above has ended a previous alignment prematurely,
you're probably due for more error messages, and you
might try typing `S' now just to see what is salvageable.

c:/Users/Admin/Documents/GitHub/training_for_CUMCM/main/main.tex:388: Misplaced
 alignment tab character &.
l.388 $R^2$  & 0.5319 &
                        \textbf{0.9915} \
I can't figure out why you would want to use a tab mark
here. If you just want an ampersand, the remedy is
simple: Just type `I\&' now. But if some right brace
up above has ended a previous alignment prematurely,
you're probably due for more error messages, and you
might try typing `S' now just to see what is salvageable.

c:/Users/Admin/Documents/GitHub/training_for_CUMCM/main/main.tex:389: Misplaced
 alignment tab character &.
l.389 MAE    &
               315.6  & \textbf{38.3} \
I can't figure out why you would want to use a tab mark
here. If you just want an ampersand, the remedy is
simple: Just type `I\&' now. But if some right brace
up above has ended a previous alignment prematurely,
you're probably due for more error messages, and you
might try typing `S' now just to see what is salvageable.

c:/Users/Admin/Documents/GitHub/training_for_CUMCM/main/main.tex:389: Misplaced
 alignment tab character &.
l.389 MAE    & 315.6  &
                        \textbf{38.3} \
I can't figure out why you would want to use a tab mark
here. If you just want an ampersand, the remedy is
simple: Just type `I\&' now. But if some right brace
up above has ended a previous alignment prematurely,
you're probably due for more error messages, and you
might try typing `S' now just to see what is salvageable.

c:/Users/Admin/Documents/GitHub/training_for_CUMCM/main/main.tex:390: Misplaced
 alignment tab character &.
l.390 MAPE   &
               4.42\% & \textbf{0.53\%} \
I can't figure out why you would want to use a tab mark
here. If you just want an ampersand, the remedy is
simple: Just type `I\&' now. But if some right brace
up above has ended a previous alignment prematurely,
you're probably due for more error messages, and you
might try typing `S' now just to see what is salvageable.

c:/Users/Admin/Documents/GitHub/training_for_CUMCM/main/main.tex:390: Misplaced
 alignment tab character &.
l.390 MAPE   & 4.42\% &
                        \textbf{0.53\%} \
I can't figure out why you would want to use a tab mark
here. If you just want an ampersand, the remedy is
simple: Just type `I\&' now. But if some right brace
up above has ended a previous alignment prematurely,
you're probably due for more error messages, and you
might try typing `S' now just to see what is salvageable.

c:/Users/Admin/Documents/GitHub/training_for_CUMCM/main/main.tex:391: Misplaced
 \noalign.
\bottomrule ->\noalign 
                       {\ifnum 0=`}\fi \@aboverulesep =\aboverulesep \global...
l.391 \bottomrule
                 
I expect to see \noalign only after the \cr of
an alignment. Proceed, and I'll ignore this case.

c:/Users/Admin/Documents/GitHub/training_for_CUMCM/main/main.tex:392: Misplaced
 \crcr.
\endtabular ->\crcr 
                    \egroup \egroup $\egroup 
l.392 \end{tabular}
                   
I can't figure out why you would want to use a tab mark
or \cr or \span just now. If something like a right brace
up above has ended a previous alignment prematurely,
you're probably due for more error messages, and you
might try typing `S' now just to see what is salvageable.

c:/Users/Admin/Documents/GitHub/training_for_CUMCM/main/main.tex:392: Extra }, 
or forgotten $.
\endtabular ->\crcr \egroup \egroup 
                                    $\egroup 
l.392 \end{tabular}
                   
I've deleted a group-closing symbol because it seems to be
spurious, as in `$x}$'. But perhaps the } is legitimate and
you forgot something else, as in `\hbox{$x}'. In such cases
the way to recover is to insert both the forgotten and the
deleted material, e.g., by typing `I$}'.

c:/Users/Admin/Documents/GitHub/training_for_CUMCM/main/main.tex:408: Misplaced
 \noalign.
\midrule ->\noalign 
                    {\ifnum 0=`}\fi \@aboverulesep =\aboverulesep \global \@...
l.408 \midrule
              
I expect to see \noalign only after the \cr of
an alignment. Proceed, and I'll ignore this case.

c:/Users/Admin/Documents/GitHub/training_for_CUMCM/main/main.tex:409: Missing }
 inserted.
<inserted text> 
                }
l.409 0
          & 6314 & 6314.0 & $-0.0$    & $-0.00\%$ \
I've inserted something that you may have forgotten.
(See the <inserted text> above.)
With luck, this will get me unwedged. But if you
really didn't forget anything, try typing `2' now; then
my insertion and my current dilemma will both disappear.

c:/Users/Admin/Documents/GitHub/training_for_CUMCM/main/main.tex:409: Missing }
 inserted.
<inserted text> 
                }
l.409 0
          & 6314 & 6314.0 & $-0.0$    & $-0.00\%$ \
I've inserted something that you may have forgotten.
(See the <inserted text> above.)
With luck, this will get me unwedged. But if you
really didn't forget anything, try typing `2' now; then
my insertion and my current dilemma will both disappear.

c:/Users/Admin/Documents/GitHub/training_for_CUMCM/main/main.tex:409: Missing }
 inserted.
<inserted text> 
                }
l.409 0
          & 6314 & 6314.0 & $-0.0$    & $-0.00\%$ \
I've inserted something that you may have forgotten.
(See the <inserted text> above.)
With luck, this will get me unwedged. But if you
really didn't forget anything, try typing `2' now; then
my insertion and my current dilemma will both disappear.

c:/Users/Admin/Documents/GitHub/training_for_CUMCM/main/main.tex:409: Missing \
cr inserted.
<inserted text> 
                \cr 
l.409 0
          & 6314 & 6314.0 & $-0.0$    & $-0.00\%$ \
I'm guessing that you meant to end an alignment here.

c:/Users/Admin/Documents/GitHub/training_for_CUMCM/main/main.tex:409: Missing {
 inserted.
<inserted text> 
                {
l.409 0
          & 6314 & 6314.0 & $-0.0$    & $-0.00\%$ \
I've put in what seems to be necessary to fix
the current column of the current alignment.
Try to go on, since this might almost work.

c:/Users/Admin/Documents/GitHub/training_for_CUMCM/main/main.tex:409: Undefined
 control sequence.
\@BTrule ...\doublerulesep \fi \fi \fi \@BTswitch 
                                                  
l.409 0
          & 6314 & 6314.0 & $-0.0$    & $-0.00\%$ \
The control sequence at the end of the top line
of your error message was never \def'ed. If you have
misspelled it (e.g., `\hobx'), type `I' and the correct
spelling (e.g., `I\hbox'). Otherwise just continue,
and I'll forget about whatever was undefined.

c:/Users/Admin/Documents/GitHub/training_for_CUMCM/main/main.tex:409: Misplaced
 alignment tab character &.
l.409 0   &
            6314 & 6314.0 & $-0.0$    & $-0.00\%$ \
I can't figure out why you would want to use a tab mark
here. If you just want an ampersand, the remedy is
simple: Just type `I\&' now. But if some right brace
up above has ended a previous alignment prematurely,
you're probably due for more error messages, and you
might try typing `S' now just to see what is salvageable.

c:/Users/Admin/Documents/GitHub/training_for_CUMCM/main/main.tex:409: Misplaced
 alignment tab character &.
l.409 0   & 6314 &
                   6314.0 & $-0.0$    & $-0.00\%$ \
I can't figure out why you would want to use a tab mark
here. If you just want an ampersand, the remedy is
simple: Just type `I\&' now. But if some right brace
up above has ended a previous alignment prematurely,
you're probably due for more error messages, and you
might try typing `S' now just to see what is salvageable.

c:/Users/Admin/Documents/GitHub/training_for_CUMCM/main/main.tex:409: Misplaced
 alignment tab character &.
l.409 0   & 6314 & 6314.0 &
                            $-0.0$    & $-0.00\%$ \
I can't figure out why you would want to use a tab mark
here. If you just want an ampersand, the remedy is
simple: Just type `I\&' now. But if some right brace
up above has ended a previous alignment prematurely,
you're probably due for more error messages, and you
might try typing `S' now just to see what is salvageable.

c:/Users/Admin/Documents/GitHub/training_for_CUMCM/main/main.tex:409: Misplaced
 alignment tab character &.
l.409 0   & 6314 & 6314.0 & $-0.0$    &
                                        $-0.00\%$ \
I can't figure out why you would want to use a tab mark
here. If you just want an ampersand, the remedy is
simple: Just type `I\&' now. But if some right brace
up above has ended a previous alignment prematurely,
you're probably due for more error messages, and you
might try typing `S' now just to see what is salvageable.

c:/Users/Admin/Documents/GitHub/training_for_CUMCM/main/main.tex:410: Misplaced
 alignment tab character &.
l.410 30  &
            6542 & 6649.5 & $-107.5$  & $-1.64\%$ \
I can't figure out why you would want to use a tab mark
here. If you just want an ampersand, the remedy is
simple: Just type `I\&' now. But if some right brace
up above has ended a previous alignment prematurely,
you're probably due for more error messages, and you
might try typing `S' now just to see what is salvageable.

c:/Users/Admin/Documents/GitHub/training_for_CUMCM/main/main.tex:410: Misplaced
 alignment tab character &.
l.410 30  & 6542 &
                   6649.5 & $-107.5$  & $-1.64\%$ \
I can't figure out why you would want to use a tab mark
here. If you just want an ampersand, the remedy is
simple: Just type `I\&' now. But if some right brace
up above has ended a previous alignment prematurely,
you're probably due for more error messages, and you
might try typing `S' now just to see what is salvageable.

c:/Users/Admin/Documents/GitHub/training_for_CUMCM/main/main.tex:410: Misplaced
 alignment tab character &.
l.410 30  & 6542 & 6649.5 &
                            $-107.5$  & $-1.64\%$ \
I can't figure out why you would want to use a tab mark
here. If you just want an ampersand, the remedy is
simple: Just type `I\&' now. But if some right brace
up above has ended a previous alignment prematurely,
you're probably due for more error messages, and you
might try typing `S' now just to see what is salvageable.

c:/Users/Admin/Documents/GitHub/training_for_CUMCM/main/main.tex:410: Misplaced
 alignment tab character &.
l.410 30  & 6542 & 6649.5 & $-107.5$  &
                                        $-1.64\%$ \
I can't figure out why you would want to use a tab mark
here. If you just want an ampersand, the remedy is
simple: Just type `I\&' now. But if some right brace
up above has ended a previous alignment prematurely,
you're probably due for more error messages, and you
might try typing `S' now just to see what is salvageable.

c:/Users/Admin/Documents/GitHub/training_for_CUMCM/main/main.tex:411: Misplaced
 alignment tab character &.
l.411 60  &
            6875 & 6935.3 & $-60.3$   & $-0.88\%$ \
I can't figure out why you would want to use a tab mark
here. If you just want an ampersand, the remedy is
simple: Just type `I\&' now. But if some right brace
up above has ended a previous alignment prematurely,
you're probably due for more error messages, and you
might try typing `S' now just to see what is salvageable.

c:/Users/Admin/Documents/GitHub/training_for_CUMCM/main/main.tex:411: Misplaced
 alignment tab character &.
l.411 60  & 6875 &
                   6935.3 & $-60.3$   & $-0.88\%$ \
I can't figure out why you would want to use a tab mark
here. If you just want an ampersand, the remedy is
simple: Just type `I\&' now. But if some right brace
up above has ended a previous alignment prematurely,
you're probably due for more error messages, and you
might try typing `S' now just to see what is salvageable.

c:/Users/Admin/Documents/GitHub/training_for_CUMCM/main/main.tex:411: Misplaced
 alignment tab character &.
l.411 60  & 6875 & 6935.3 &
                            $-60.3$   & $-0.88\%$ \
I can't figure out why you would want to use a tab mark
here. If you just want an ampersand, the remedy is
simple: Just type `I\&' now. But if some right brace
up above has ended a previous alignment prematurely,
you're probably due for more error messages, and you
might try typing `S' now just to see what is salvageable.

c:/Users/Admin/Documents/GitHub/training_for_CUMCM/main/main.tex:411: Misplaced
 alignment tab character &.
l.411 60  & 6875 & 6935.3 & $-60.3$   &
                                        $-0.88\%$ \
I can't figure out why you would want to use a tab mark
here. If you just want an ampersand, the remedy is
simple: Just type `I\&' now. But if some right brace
up above has ended a previous alignment prematurely,
you're probably due for more error messages, and you
might try typing `S' now just to see what is salvageable.

c:/Users/Admin/Documents/GitHub/training_for_CUMCM/main/main.tex:412: Misplaced
 alignment tab character &.
l.412 90  &
            7173 & 7174.2 & $-1.2$    & $-0.02\%$ \
I can't figure out why you would want to use a tab mark
here. If you just want an ampersand, the remedy is
simple: Just type `I\&' now. But if some right brace
up above has ended a previous alignment prematurely,
you're probably due for more error messages, and you
might try typing `S' now just to see what is salvageable.

c:/Users/Admin/Documents/GitHub/training_for_CUMCM/main/main.tex:412: Misplaced
 alignment tab character &.
l.412 90  & 7173 &
                   7174.2 & $-1.2$    & $-0.02\%$ \
I can't figure out why you would want to use a tab mark
here. If you just want an ampersand, the remedy is
simple: Just type `I\&' now. But if some right brace
up above has ended a previous alignment prematurely,
you're probably due for more error messages, and you
might try typing `S' now just to see what is salvageable.

c:/Users/Admin/Documents/GitHub/training_for_CUMCM/main/main.tex:412: Misplaced
 alignment tab character &.
l.412 90  & 7173 & 7174.2 &
                            $-1.2$    & $-0.02\%$ \
I can't figure out why you would want to use a tab mark
here. If you just want an ampersand, the remedy is
simple: Just type `I\&' now. But if some right brace
up above has ended a previous alignment prematurely,
you're probably due for more error messages, and you
might try typing `S' now just to see what is salvageable.

c:/Users/Admin/Documents/GitHub/training_for_CUMCM/main/main.tex:412: Misplaced
 alignment tab character &.
l.412 90  & 7173 & 7174.2 & $-1.2$    &
                                        $-0.02\%$ \
I can't figure out why you would want to use a tab mark
here. If you just want an ampersand, the remedy is
simple: Just type `I\&' now. But if some right brace
up above has ended a previous alignment prematurely,
you're probably due for more error messages, and you
might try typing `S' now just to see what is salvageable.

c:/Users/Admin/Documents/GitHub/training_for_CUMCM/main/main.tex:413: Misplaced
 alignment tab character &.
l.413 120 &
            7368 & 7371.2 & $-3.2$    & $-0.04\%$ \
I can't figure out why you would want to use a tab mark
here. If you just want an ampersand, the remedy is
simple: Just type `I\&' now. But if some right brace
up above has ended a previous alignment prematurely,
you're probably due for more error messages, and you
might try typing `S' now just to see what is salvageable.

c:/Users/Admin/Documents/GitHub/training_for_CUMCM/main/main.tex:413: Misplaced
 alignment tab character &.
l.413 120 & 7368 &
                   7371.2 & $-3.2$    & $-0.04\%$ \
I can't figure out why you would want to use a tab mark
here. If you just want an ampersand, the remedy is
simple: Just type `I\&' now. But if some right brace
up above has ended a previous alignment prematurely,
you're probably due for more error messages, and you
might try typing `S' now just to see what is salvageable.

c:/Users/Admin/Documents/GitHub/training_for_CUMCM/main/main.tex:413: Misplaced
 alignment tab character &.
l.413 120 & 7368 & 7371.2 &
                            $-3.2$    & $-0.04\%$ \
I can't figure out why you would want to use a tab mark
here. If you just want an ampersand, the remedy is
simple: Just type `I\&' now. But if some right brace
up above has ended a previous alignment prematurely,
you're probably due for more error messages, and you
might try typing `S' now just to see what is salvageable.

c:/Users/Admin/Documents/GitHub/training_for_CUMCM/main/main.tex:413: Misplaced
 alignment tab character &.
l.413 120 & 7368 & 7371.2 & $-3.2$    &
                                        $-0.04\%$ \
I can't figure out why you would want to use a tab mark
here. If you just want an ampersand, the remedy is
simple: Just type `I\&' now. But if some right brace
up above has ended a previous alignment prematurely,
you're probably due for more error messages, and you
might try typing `S' now just to see what is salvageable.

c:/Users/Admin/Documents/GitHub/training_for_CUMCM/main/main.tex:414: Misplaced
 alignment tab character &.
l.414 150 &
            7591 & 7531.5 & $+59.5$   & $+0.78\%$ \
I can't figure out why you would want to use a tab mark
here. If you just want an ampersand, the remedy is
simple: Just type `I\&' now. But if some right brace
up above has ended a previous alignment prematurely,
you're probably due for more error messages, and you
might try typing `S' now just to see what is salvageable.

c:/Users/Admin/Documents/GitHub/training_for_CUMCM/main/main.tex:414: Misplaced
 alignment tab character &.
l.414 150 & 7591 &
                   7531.5 & $+59.5$   & $+0.78\%$ \
I can't figure out why you would want to use a tab mark
here. If you just want an ampersand, the remedy is
simple: Just type `I\&' now. But if some right brace
up above has ended a previous alignment prematurely,
you're probably due for more error messages, and you
might try typing `S' now just to see what is salvageable.

c:/Users/Admin/Documents/GitHub/training_for_CUMCM/main/main.tex:414: Misplaced
 alignment tab character &.
l.414 150 & 7591 & 7531.5 &
                            $+59.5$   & $+0.78\%$ \
I can't figure out why you would want to use a tab mark
here. If you just want an ampersand, the remedy is
simple: Just type `I\&' now. But if some right brace
up above has ended a previous alignment prematurely,
you're probably due for more error messages, and you
might try typing `S' now just to see what is salvageable.

c:/Users/Admin/Documents/GitHub/training_for_CUMCM/main/main.tex:414: Misplaced
 alignment tab character &.
l.414 150 & 7591 & 7531.5 & $+59.5$   &
                                        $+0.78\%$ \
I can't figure out why you would want to use a tab mark
here. If you just want an ampersand, the remedy is
simple: Just type `I\&' now. But if some right brace
up above has ended a previous alignment prematurely,
you're probably due for more error messages, and you
might try typing `S' now just to see what is salvageable.

c:/Users/Admin/Documents/GitHub/training_for_CUMCM/main/main.tex:415: Misplaced
 alignment tab character &.
l.415 180 &
            7724 & 7660.6 & $+63.4$   & $+0.82\%$ \
I can't figure out why you would want to use a tab mark
here. If you just want an ampersand, the remedy is
simple: Just type `I\&' now. But if some right brace
up above has ended a previous alignment prematurely,
you're probably due for more error messages, and you
might try typing `S' now just to see what is salvageable.

c:/Users/Admin/Documents/GitHub/training_for_CUMCM/main/main.tex:415: Misplaced
 alignment tab character &.
l.415 180 & 7724 &
                   7660.6 & $+63.4$   & $+0.82\%$ \
I can't figure out why you would want to use a tab mark
here. If you just want an ampersand, the remedy is
simple: Just type `I\&' now. But if some right brace
up above has ended a previous alignment prematurely,
you're probably due for more error messages, and you
might try typing `S' now just to see what is salvageable.

c:/Users/Admin/Documents/GitHub/training_for_CUMCM/main/main.tex:415: Misplaced
 alignment tab character &.
l.415 180 & 7724 & 7660.6 &
                            $+63.4$   & $+0.82\%$ \
I can't figure out why you would want to use a tab mark
here. If you just want an ampersand, the remedy is
simple: Just type `I\&' now. But if some right brace
up above has ended a previous alignment prematurely,
you're probably due for more error messages, and you
might try typing `S' now just to see what is salvageable.

c:/Users/Admin/Documents/GitHub/training_for_CUMCM/main/main.tex:415: Misplaced
 alignment tab character &.
l.415 180 & 7724 & 7660.6 & $+63.4$   &
                                        $+0.82\%$ \
I can't figure out why you would want to use a tab mark
here. If you just want an ampersand, the remedy is
simple: Just type `I\&' now. But if some right brace
up above has ended a previous alignment prematurely,
you're probably due for more error messages, and you
might try typing `S' now just to see what is salvageable.

c:/Users/Admin/Documents/GitHub/training_for_CUMCM/main/main.tex:416: Misplaced
 alignment tab character &.
l.416 270 &
            7896 & 7910.5 & $-14.5$   & $-0.18\%$ \
I can't figure out why you would want to use a tab mark
here. If you just want an ampersand, the remedy is
simple: Just type `I\&' now. But if some right brace
up above has ended a previous alignment prematurely,
you're probably due for more error messages, and you
might try typing `S' now just to see what is salvageable.

c:/Users/Admin/Documents/GitHub/training_for_CUMCM/main/main.tex:416: Misplaced
 alignment tab character &.
l.416 270 & 7896 &
                   7910.5 & $-14.5$   & $-0.18\%$ \
I can't figure out why you would want to use a tab mark
here. If you just want an ampersand, the remedy is
simple: Just type `I\&' now. But if some right brace
up above has ended a previous alignment prematurely,
you're probably due for more error messages, and you
might try typing `S' now just to see what is salvageable.

c:/Users/Admin/Documents/GitHub/training_for_CUMCM/main/main.tex:416: Misplaced
 alignment tab character &.
l.416 270 & 7896 & 7910.5 &
                            $-14.5$   & $-0.18\%$ \
I can't figure out why you would want to use a tab mark
here. If you just want an ampersand, the remedy is
simple: Just type `I\&' now. But if some right brace
up above has ended a previous alignment prematurely,
you're probably due for more error messages, and you
might try typing `S' now just to see what is salvageable.

c:/Users/Admin/Documents/GitHub/training_for_CUMCM/main/main.tex:416: Misplaced
 alignment tab character &.
l.416 270 & 7896 & 7910.5 & $-14.5$   &
                                        $-0.18\%$ \
I can't figure out why you would want to use a tab mark
here. If you just want an ampersand, the remedy is
simple: Just type `I\&' now. But if some right brace
up above has ended a previous alignment prematurely,
you're probably due for more error messages, and you
might try typing `S' now just to see what is salvageable.

c:/Users/Admin/Documents/GitHub/training_for_CUMCM/main/main.tex:417: Misplaced
 alignment tab character &.
l.417 365 &
            8002 & 8037.1 & $-35.1$   & $-0.44\%$ \
I can't figure out why you would want to use a tab mark
here. If you just want an ampersand, the remedy is
simple: Just type `I\&' now. But if some right brace
up above has ended a previous alignment prematurely,
you're probably due for more error messages, and you
might try typing `S' now just to see what is salvageable.

c:/Users/Admin/Documents/GitHub/training_for_CUMCM/main/main.tex:417: Misplaced
 alignment tab character &.
l.417 365 & 8002 &
                   8037.1 & $-35.1$   & $-0.44\%$ \
I can't figure out why you would want to use a tab mark
here. If you just want an ampersand, the remedy is
simple: Just type `I\&' now. But if some right brace
up above has ended a previous alignment prematurely,
you're probably due for more error messages, and you
might try typing `S' now just to see what is salvageable.

c:/Users/Admin/Documents/GitHub/training_for_CUMCM/main/main.tex:417: Misplaced
 alignment tab character &.
l.417 365 & 8002 & 8037.1 &
                            $-35.1$   & $-0.44\%$ \
I can't figure out why you would want to use a tab mark
here. If you just want an ampersand, the remedy is
simple: Just type `I\&' now. But if some right brace
up above has ended a previous alignment prematurely,
you're probably due for more error messages, and you
might try typing `S' now just to see what is salvageable.

c:/Users/Admin/Documents/GitHub/training_for_CUMCM/main/main.tex:417: Misplaced
 alignment tab character &.
l.417 365 & 8002 & 8037.1 & $-35.1$   &
                                        $-0.44\%$ \
I can't figure out why you would want to use a tab mark
here. If you just want an ampersand, the remedy is
simple: Just type `I\&' now. But if some right brace
up above has ended a previous alignment prematurely,
you're probably due for more error messages, and you
might try typing `S' now just to see what is salvageable.

c:/Users/Admin/Documents/GitHub/training_for_CUMCM/main/main.tex:418: Misplaced
 \noalign.
\bottomrule ->\noalign 
                       {\ifnum 0=`}\fi \@aboverulesep =\aboverulesep \global...
l.418 \bottomrule
                 
I expect to see \noalign only after the \cr of
an alignment. Proceed, and I'll ignore this case.

c:/Users/Admin/Documents/GitHub/training_for_CUMCM/main/main.tex:419: Misplaced
 \crcr.
\endtabular ->\crcr 
                    \egroup \egroup $\egroup 
l.419 \end{tabular}
                   
I can't figure out why you would want to use a tab mark
or \cr or \span just now. If something like a right brace
up above has ended a previous alignment prematurely,
you're probably due for more error messages, and you
might try typing `S' now just to see what is salvageable.

c:/Users/Admin/Documents/GitHub/training_for_CUMCM/main/main.tex:419: Extra }, 
or forgotten $.
\endtabular ->\crcr \egroup \egroup 
                                    $\egroup 
l.419 \end{tabular}
                   
I've deleted a group-closing symbol because it seems to be
spurious, as in `$x}$'. But perhaps the } is legitimate and
you forgot something else, as in `\hbox{$x}'. In such cases
the way to recover is to insert both the forgotten and the
deleted material, e.g., by typing `I$}'.

[8] [9]
c:/Users/Admin/Documents/GitHub/training_for_CUMCM/main/main.tex:495: Misplaced
 \noalign.
\midrule ->\noalign 
                    {\ifnum 0=`}\fi \@aboverulesep =\aboverulesep \global \@...
l.495 \midrule
              
I expect to see \noalign only after the \cr of
an alignment. Proceed, and I'll ignore this case.

c:/Users/Admin/Documents/GitHub/training_for_CUMCM/main/main.tex:496: Missing }
 inserted.
<inserted text> 
                }
l.496 $
       x_1^*$ & $0$ & $\lambda_1 = r$ & \textbf{不稳定}（$r > 0$ 恒成立）\
I've inserted something that you may have forgotten.
(See the <inserted text> above.)
With luck, this will get me unwedged. But if you
really didn't forget anything, try typing `2' now; then
my insertion and my current dilemma will both disappear.

c:/Users/Admin/Documents/GitHub/training_for_CUMCM/main/main.tex:496: Missing }
 inserted.
<inserted text> 
                }
l.496 $
       x_1^*$ & $0$ & $\lambda_1 = r$ & \textbf{不稳定}（$r > 0$ 恒成立）\
I've inserted something that you may have forgotten.
(See the <inserted text> above.)
With luck, this will get me unwedged. But if you
really didn't forget anything, try typing `2' now; then
my insertion and my current dilemma will both disappear.

c:/Users/Admin/Documents/GitHub/training_for_CUMCM/main/main.tex:496: Missing }
 inserted.
<inserted text> 
                }
l.496 $
       x_1^*$ & $0$ & $\lambda_1 = r$ & \textbf{不稳定}（$r > 0$ 恒成立）\
I've inserted something that you may have forgotten.
(See the <inserted text> above.)
With luck, this will get me unwedged. But if you
really didn't forget anything, try typing `2' now; then
my insertion and my current dilemma will both disappear.

c:/Users/Admin/Documents/GitHub/training_for_CUMCM/main/main.tex:496: Missing \
cr inserted.
<inserted text> 
                \cr 
l.496 $
       x_1^*$ & $0$ & $\lambda_1 = r$ & \textbf{不稳定}（$r > 0$ 恒成立）\
I'm guessing that you meant to end an alignment here.

c:/Users/Admin/Documents/GitHub/training_for_CUMCM/main/main.tex:496: Missing {
 inserted.
<inserted text> 
                {
l.496 $
       x_1^*$ & $0$ & $\lambda_1 = r$ & \textbf{不稳定}（$r > 0$ 恒成立）\
I've put in what seems to be necessary to fix
the current column of the current alignment.
Try to go on, since this might almost work.

c:/Users/Admin/Documents/GitHub/training_for_CUMCM/main/main.tex:496: Undefined
 control sequence.
\@BTrule ...\doublerulesep \fi \fi \fi \@BTswitch 
                                                  
l.496 $
       x_1^*$ & $0$ & $\lambda_1 = r$ & \textbf{不稳定}（$r > 0$ 恒成立）\
The control sequence at the end of the top line
of your error message was never \def'ed. If you have
misspelled it (e.g., `\hobx'), type `I' and the correct
spelling (e.g., `I\hbox'). Otherwise just continue,
and I'll forget about whatever was undefined.

c:/Users/Admin/Documents/GitHub/training_for_CUMCM/main/main.tex:496: Misplaced
 alignment tab character &.
l.496 $x_1^*$ &
                $0$ & $\lambda_1 = r$ & \textbf{不稳定}（$r > 0$ 恒成立）\
I can't figure out why you would want to use a tab mark
here. If you just want an ampersand, the remedy is
simple: Just type `I\&' now. But if some right brace
up above has ended a previous alignment prematurely,
you're probably due for more error messages, and you
might try typing `S' now just to see what is salvageable.

c:/Users/Admin/Documents/GitHub/training_for_CUMCM/main/main.tex:496: Misplaced
 alignment tab character &.
l.496 $x_1^*$ & $0$ &
                      $\lambda_1 = r$ & \textbf{不稳定}（$r > 0$ 恒成立）\
I can't figure out why you would want to use a tab mark
here. If you just want an ampersand, the remedy is
simple: Just type `I\&' now. But if some right brace
up above has ended a previous alignment prematurely,
you're probably due for more error messages, and you
might try typing `S' now just to see what is salvageable.

c:/Users/Admin/Documents/GitHub/training_for_CUMCM/main/main.tex:496: Misplaced
 alignment tab character &.
l.496 $x_1^*$ & $0$ & $\lambda_1 = r$ &
                                        \textbf{不稳定}（$r > 0$ 恒成立）\
I can't figure out why you would want to use a tab mark
here. If you just want an ampersand, the remedy is
simple: Just type `I\&' now. But if some right brace
up above has ended a previous alignment prematurely,
you're probably due for more error messages, and you
might try typing `S' now just to see what is salvageable.

c:/Users/Admin/Documents/GitHub/training_for_CUMCM/main/main.tex:497: Misplaced
 alignment tab character &.
l.497 $x_2^*$ &
                $K_{\text{eff}} = K(1+\alpha)$ & $\lambda_2 = -r$ & \textbf{...
I can't figure out why you would want to use a tab mark
here. If you just want an ampersand, the remedy is
simple: Just type `I\&' now. But if some right brace
up above has ended a previous alignment prematurely,
you're probably due for more error messages, and you
might try typing `S' now just to see what is salvageable.

c:/Users/Admin/Documents/GitHub/training_for_CUMCM/main/main.tex:497: Misplaced
 alignment tab character &.
l.497 $x_2^*$ & $K_{\text{eff}} = K(1+\alpha)$ &
                                                 $\lambda_2 = -r$ & \textbf{...
I can't figure out why you would want to use a tab mark
here. If you just want an ampersand, the remedy is
simple: Just type `I\&' now. But if some right brace
up above has ended a previous alignment prematurely,
you're probably due for more error messages, and you
might try typing `S' now just to see what is salvageable.

c:/Users/Admin/Documents/GitHub/training_for_CUMCM/main/main.tex:497: Misplaced
 alignment tab character &.
l.497 ...eff}} = K(1+\alpha)$ & $\lambda_2 = -r$ &
                                                   \textbf{渐近稳定}（$-r < 0$ 恒成立）\
I can't figure out why you would want to use a tab mark
here. If you just want an ampersand, the remedy is
simple: Just type `I\&' now. But if some right brace
up above has ended a previous alignment prematurely,
you're probably due for more error messages, and you
might try typing `S' now just to see what is salvageable.

c:/Users/Admin/Documents/GitHub/training_for_CUMCM/main/main.tex:498: Misplaced
 \noalign.
\bottomrule ->\noalign 
                       {\ifnum 0=`}\fi \@aboverulesep =\aboverulesep \global...
l.498 \bottomrule
                 
I expect to see \noalign only after the \cr of
an alignment. Proceed, and I'll ignore this case.

c:/Users/Admin/Documents/GitHub/training_for_CUMCM/main/main.tex:499: Misplaced
 \crcr.
\endtabular ->\crcr 
                    \egroup \egroup $\egroup 
l.499 \end{tabular}
                   
I can't figure out why you would want to use a tab mark
or \cr or \span just now. If something like a right brace
up above has ended a previous alignment prematurely,
you're probably due for more error messages, and you
might try typing `S' now just to see what is salvageable.

c:/Users/Admin/Documents/GitHub/training_for_CUMCM/main/main.tex:499: Extra }, 
or forgotten $.
\endtabular ->\crcr \egroup \egroup 
                                    $\egroup 
l.499 \end{tabular}
                   
I've deleted a group-closing symbol because it seems to be
spurious, as in `$x}$'. But perhaps the } is legitimate and
you forgot something else, as in `\hbox{$x}'. In such cases
the way to recover is to insert both the forgotten and the
deleted material, e.g., by typing `I$}'.

c:/Users/Admin/Documents/GitHub/training_for_CUMCM/main/main.tex:555: Misplaced
 \noalign.
\midrule ->\noalign 
                    {\ifnum 0=`}\fi \@aboverulesep =\aboverulesep \global \@...
l.555 \midrule
              
I expect to see \noalign only after the \cr of
an alignment. Proceed, and I'll ignore this case.

c:/Users/Admin/Documents/GitHub/training_for_CUMCM/main/main.tex:556: Missing }
 inserted.
<inserted text> 
                }
l.556 $
       \alpha$（促进） & $0$（定义） & — & $0.0164$（容量为 $K$ 的 $101.6\%$）\
I've inserted something that you may have forgotten.
(See the <inserted text> above.)
With luck, this will get me unwedged. But if you
really didn't forget anything, try typing `2' now; then
my insertion and my current dilemma will both disappear.

c:/Users/Admin/Documents/GitHub/training_for_CUMCM/main/main.tex:556: Missing }
 inserted.
<inserted text> 
                }
l.556 $
       \alpha$（促进） & $0$（定义） & — & $0.0164$（容量为 $K$ 的 $101.6\%$）\
I've inserted something that you may have forgotten.
(See the <inserted text> above.)
With luck, this will get me unwedged. But if you
really didn't forget anything, try typing `2' now; then
my insertion and my current dilemma will both disappear.

c:/Users/Admin/Documents/GitHub/training_for_CUMCM/main/main.tex:556: Missing }
 inserted.
<inserted text> 
                }
l.556 $
       \alpha$（促进） & $0$（定义） & — & $0.0164$（容量为 $K$ 的 $101.6\%$）\
I've inserted something that you may have forgotten.
(See the <inserted text> above.)
With luck, this will get me unwedged. But if you
really didn't forget anything, try typing `2' now; then
my insertion and my current dilemma will both disappear.

c:/Users/Admin/Documents/GitHub/training_for_CUMCM/main/main.tex:556: Missing \
cr inserted.
<inserted text> 
                \cr 
l.556 $
       \alpha$（促进） & $0$（定义） & — & $0.0164$（容量为 $K$ 的 $101.6\%$）\
I'm guessing that you meant to end an alignment here.

c:/Users/Admin/Documents/GitHub/training_for_CUMCM/main/main.tex:556: Missing {
 inserted.
<inserted text> 
                {
l.556 $
       \alpha$（促进） & $0$（定义） & — & $0.0164$（容量为 $K$ 的 $101.6\%$）\
I've put in what seems to be necessary to fix
the current column of the current alignment.
Try to go on, since this might almost work.

c:/Users/Admin/Documents/GitHub/training_for_CUMCM/main/main.tex:556: Undefined
 control sequence.
\@BTrule ...\doublerulesep \fi \fi \fi \@BTswitch 
                                                  
l.556 $
       \alpha$（促进） & $0$（定义） & — & $0.0164$（容量为 $K$ 的 $101.6\%$）\
The control sequence at the end of the top line
of your error message was never \def'ed. If you have
misspelled it (e.g., `\hobx'), type `I' and the correct
spelling (e.g., `I\hbox'). Otherwise just continue,
and I'll forget about whatever was undefined.

c:/Users/Admin/Documents/GitHub/training_for_CUMCM/main/main.tex:556: Misplaced
 alignment tab character &.
l.556 $\alpha$（促进） &
                     $0$（定义） & — & $0.0164$（容量为 $K$ 的 $101.6\%$）\
I can't figure out why you would want to use a tab mark
here. If you just want an ampersand, the remedy is
simple: Just type `I\&' now. But if some right brace
up above has ended a previous alignment prematurely,
you're probably due for more error messages, and you
might try typing `S' now just to see what is salvageable.

c:/Users/Admin/Documents/GitHub/training_for_CUMCM/main/main.tex:556: Misplaced
 alignment tab character &.
l.556 $\alpha$（促进） & $0$（定义） &
                               — & $0.0164$（容量为 $K$ 的 $101.6\%$）\
I can't figure out why you would want to use a tab mark
here. If you just want an ampersand, the remedy is
simple: Just type `I\&' now. But if some right brace
up above has ended a previous alignment prematurely,
you're probably due for more error messages, and you
might try typing `S' now just to see what is salvageable.

c:/Users/Admin/Documents/GitHub/training_for_CUMCM/main/main.tex:556: Misplaced
 alignment tab character &.
l.556 $\alpha$（促进） & $0$（定义） & — &
                                   $0.0164$（容量为 $K$ 的 $101.6\%$）\
I can't figure out why you would want to use a tab mark
here. If you just want an ampersand, the remedy is
simple: Just type `I\&' now. But if some right brace
up above has ended a previous alignment prematurely,
you're probably due for more error messages, and you
might try typing `S' now just to see what is salvageable.

c:/Users/Admin/Documents/GitHub/training_for_CUMCM/main/main.tex:557: Misplaced
 alignment tab character &.
l.557 $\beta$（抑制） &
                    $0$（定义） & $3.40$（$r_{\min}$ 约束） & $1.59$（$r$ 为 $\gamma$ ...
I can't figure out why you would want to use a tab mark
here. If you just want an ampersand, the remedy is
simple: Just type `I\&' now. But if some right brace
up above has ended a previous alignment prematurely,
you're probably due for more error messages, and you
might try typing `S' now just to see what is salvageable.

c:/Users/Admin/Documents/GitHub/training_for_CUMCM/main/main.tex:557: Misplaced
 alignment tab character &.
l.557 $\beta$（抑制） & $0$（定义） &
                              $3.40$（$r_{\min}$ 约束） & $1.59$（$r$ 为 $\gamma$ ...
I can't figure out why you would want to use a tab mark
here. If you just want an ampersand, the remedy is
simple: Just type `I\&' now. But if some right brace
up above has ended a previous alignment prematurely,
you're probably due for more error messages, and you
might try typing `S' now just to see what is salvageable.

c:/Users/Admin/Documents/GitHub/training_for_CUMCM/main/main.tex:557: Misplaced
 alignment tab character &.
l.557 ...$（抑制） & $0$（定义） & $3.40$（$r_{\min}$ 约束） &
                                                   $1.59$（$r$ 为 $\gamma$ 的 $...
I can't figure out why you would want to use a tab mark
here. If you just want an ampersand, the remedy is
simple: Just type `I\&' now. But if some right brace
up above has ended a previous alignment prematurely,
you're probably due for more error messages, and you
might try typing `S' now just to see what is salvageable.

c:/Users/Admin/Documents/GitHub/training_for_CUMCM/main/main.tex:558: Misplaced
 \noalign.
\bottomrule ->\noalign 
                       {\ifnum 0=`}\fi \@aboverulesep =\aboverulesep \global...
l.558 \bottomrule
                 
I expect to see \noalign only after the \cr of
an alignment. Proceed, and I'll ignore this case.

c:/Users/Admin/Documents/GitHub/training_for_CUMCM/main/main.tex:559: Misplaced
 \crcr.
\endtabular ->\crcr 
                    \egroup \egroup $\egroup 
l.559 \end{tabular}
                   
I can't figure out why you would want to use a tab mark
or \cr or \span just now. If something like a right brace
up above has ended a previous alignment prematurely,
you're probably due for more error messages, and you
might try typing `S' now just to see what is salvageable.

c:/Users/Admin/Documents/GitHub/training_for_CUMCM/main/main.tex:559: Extra }, 
or forgotten $.
\endtabular ->\crcr \egroup \egroup 
                                    $\egroup 
l.559 \end{tabular}
                   
I've deleted a group-closing symbol because it seems to be
spurious, as in `$x}$'. But perhaps the } is legitimate and
you forgot something else, as in `\hbox{$x}'. In such cases
the way to recover is to insert both the forgotten and the
deleted material, e.g., by typing `I$}'.

c:/Users/Admin/Documents/GitHub/training_for_CUMCM/main/main.tex:566: Misplaced
 \noalign.
\midrule ->\noalign 
                    {\ifnum 0=`}\fi \@aboverulesep =\aboverulesep \global \@...
l.566 \midrule
              
I expect to see \noalign only after the \cr of
an alignment. Proceed, and I'll ignore this case.

c:/Users/Admin/Documents/GitHub/training_for_CUMCM/main/main.tex:567: Missing }
 inserted.
<inserted text> 
                }
l.567 $
       \beta$ 距 $\beta_{\max}$ & $1.81$ \
I've inserted something that you may have forgotten.
(See the <inserted text> above.)
With luck, this will get me unwedged. But if you
really didn't forget anything, try typing `2' now; then
my insertion and my current dilemma will both disappear.

c:/Users/Admin/Documents/GitHub/training_for_CUMCM/main/main.tex:567: Missing }
 inserted.
<inserted text> 
                }
l.567 $
       \beta$ 距 $\beta_{\max}$ & $1.81$ \
I've inserted something that you may have forgotten.
(See the <inserted text> above.)
With luck, this will get me unwedged. But if you
really didn't forget anything, try typing `2' now; then
my insertion and my current dilemma will both disappear.

c:/Users/Admin/Documents/GitHub/training_for_CUMCM/main/main.tex:567: Missing }
 inserted.
<inserted text> 
                }
l.567 $
       \beta$ 距 $\beta_{\max}$ & $1.81$ \
I've inserted something that you may have forgotten.
(See the <inserted text> above.)
With luck, this will get me unwedged. But if you
really didn't forget anything, try typing `2' now; then
my insertion and my current dilemma will both disappear.

c:/Users/Admin/Documents/GitHub/training_for_CUMCM/main/main.tex:567: Missing \
cr inserted.
<inserted text> 
                \cr 
l.567 $
       \beta$ 距 $\beta_{\max}$ & $1.81$ \
I'm guessing that you meant to end an alignment here.

c:/Users/Admin/Documents/GitHub/training_for_CUMCM/main/main.tex:567: Missing {
 inserted.
<inserted text> 
                {
l.567 $
       \beta$ 距 $\beta_{\max}$ & $1.81$ \
I've put in what seems to be necessary to fix
the current column of the current alignment.
Try to go on, since this might almost work.

c:/Users/Admin/Documents/GitHub/training_for_CUMCM/main/main.tex:567: Undefined
 control sequence.
\@BTrule ...\doublerulesep \fi \fi \fi \@BTswitch 
                                                  
l.567 $
       \beta$ 距 $\beta_{\max}$ & $1.81$ \
The control sequence at the end of the top line
of your error message was never \def'ed. If you have
misspelled it (e.g., `\hobx'), type `I' and the correct
spelling (e.g., `I\hbox'). Otherwise just continue,
and I'll forget about whatever was undefined.

c:/Users/Admin/Documents/GitHub/training_for_CUMCM/main/main.tex:567: Misplaced
 alignment tab character &.
l.567 $\beta$ 距 $\beta_{\max}$ &
                                 $1.81$ \
I can't figure out why you would want to use a tab mark
here. If you just want an ampersand, the remedy is
simple: Just type `I\&' now. But if some right brace
up above has ended a previous alignment prematurely,
you're probably due for more error messages, and you
might try typing `S' now just to see what is salvageable.

c:/Users/Admin/Documents/GitHub/training_for_CUMCM/main/main.tex:568: Misplaced
 alignment tab character &.
l.568 $r$ 高于 $r_{\min}$ &
                          $0.0035$ \
I can't figure out why you would want to use a tab mark
here. If you just want an ampersand, the remedy is
simple: Just type `I\&' now. But if some right brace
up above has ended a previous alignment prematurely,
you're probably due for more error messages, and you
might try typing `S' now just to see what is salvageable.

c:/Users/Admin/Documents/GitHub/training_for_CUMCM/main/main.tex:569: Misplaced
 alignment tab character &.
l.569 $r/\gamma$ &
                   $38.6\%$ \
I can't figure out why you would want to use a tab mark
here. If you just want an ampersand, the remedy is
simple: Just type `I\&' now. But if some right brace
up above has ended a previous alignment prematurely,
you're probably due for more error messages, and you
might try typing `S' now just to see what is salvageable.

c:/Users/Admin/Documents/GitHub/training_for_CUMCM/main/main.tex:570: Misplaced
 \noalign.
\bottomrule ->\noalign 
                       {\ifnum 0=`}\fi \@aboverulesep =\aboverulesep \global...
l.570 \bottomrule
                 
I expect to see \noalign only after the \cr of
an alignment. Proceed, and I'll ignore this case.

c:/Users/Admin/Documents/GitHub/training_for_CUMCM/main/main.tex:571: Misplaced
 \crcr.
\endtabular ->\crcr 
                    \egroup \egroup $\egroup 
l.571 \end{tabular}
                   
I can't figure out why you would want to use a tab mark
or \cr or \span just now. If something like a right brace
up above has ended a previous alignment prematurely,
you're probably due for more error messages, and you
might try typing `S' now just to see what is salvageable.

c:/Users/Admin/Documents/GitHub/training_for_CUMCM/main/main.tex:571: Extra }, 
or forgotten $.
\endtabular ->\crcr \egroup \egroup 
                                    $\egroup 
l.571 \end{tabular}
                   
I've deleted a group-closing symbol because it seems to be
spurious, as in `$x}$'. But perhaps the } is legitimate and
you forgot something else, as in `\hbox{$x}'. In such cases
the way to recover is to insert both the forgotten and the
deleted material, e.g., by typing `I$}'.

[10] [11]
c:/Users/Admin/Documents/GitHub/training_for_CUMCM/main/main.tex:651: Misplaced
 \noalign.
\midrule ->\noalign 
                    {\ifnum 0=`}\fi \@aboverulesep =\aboverulesep \global \@...
l.651 \midrule
              
I expect to see \noalign only after the \cr of
an alignment. Proceed, and I'll ignore this case.

c:/Users/Admin/Documents/GitHub/training_for_CUMCM/main/main.tex:652: Extra ali
gnment tab has been changed to \cr.
<recently read> \endtemplate 
                             
l.652 固有增长率 &
              $\gamma$ & 0.022 /天 &
You have given more \span or & marks than there were
in the preamble to the \halign or \valign now in progress.
So I'll assume that you meant to type \cr instead.

c:/Users/Admin/Documents/GitHub/training_for_CUMCM/main/main.tex:656: Extra ali
gnment tab has been changed to \cr.
<recently read> \endtemplate 
                             
l.656 抑制系数 & $\beta$ &
                       1.5929 &
You have given more \span or & marks than there were
in the preamble to the \halign or \valign now in progress.
So I'll assume that you meant to type \cr instead.

c:/Users/Admin/Documents/GitHub/training_for_CUMCM/main/main.tex:660: Extra ali
gnment tab has been changed to \cr.
<recently read> \endtemplate 
                             
l.660 促进系数 & $\alpha$ & 0.0164 &
                                
You have given more \span or & marks than there were
in the preamble to the \halign or \valign now in progress.
So I'll assume that you meant to type \cr instead.

c:/Users/Admin/Documents/GitHub/training_for_CUMCM/main/main.tex:667: Misplaced
 \noalign.
\bottomrule ->\noalign 
                       {\ifnum 0=`}\fi \@aboverulesep =\aboverulesep \global...
l.667 \bottomrule
                 
I expect to see \noalign only after the \cr of
an alignment. Proceed, and I'll ignore this case.


Overfull \hbox (1897.24571pt too wide) in paragraph at lines 648--669
 [] 
 []

c:/Users/Admin/Documents/GitHub/training_for_CUMCM/main/main.tex:683: Misplaced
 \noalign.
\midrule ->\noalign 
                    {\ifnum 0=`}\fi \@aboverulesep =\aboverulesep \global \@...
l.683 \midrule
              
I expect to see \noalign only after the \cr of
an alignment. Proceed, and I'll ignore this case.

c:/Users/Admin/Documents/GitHub/training_for_CUMCM/main/main.tex:684: Missing }
 inserted.
<inserted text> 
                }
l.684 固
       有增长率 & $\gamma$ & 0.022   & 1/day \
I've inserted something that you may have forgotten.
(See the <inserted text> above.)
With luck, this will get me unwedged. But if you
really didn't forget anything, try typing `2' now; then
my insertion and my current dilemma will both disappear.

c:/Users/Admin/Documents/GitHub/training_for_CUMCM/main/main.tex:684: Missing }
 inserted.
<inserted text> 
                }
l.684 固
       有增长率 & $\gamma$ & 0.022   & 1/day \
I've inserted something that you may have forgotten.
(See the <inserted text> above.)
With luck, this will get me unwedged. But if you
really didn't forget anything, try typing `2' now; then
my insertion and my current dilemma will both disappear.

c:/Users/Admin/Documents/GitHub/training_for_CUMCM/main/main.tex:684: Missing }
 inserted.
<inserted text> 
                }
l.684 固
       有增长率 & $\gamma$ & 0.022   & 1/day \
I've inserted something that you may have forgotten.
(See the <inserted text> above.)
With luck, this will get me unwedged. But if you
really didn't forget anything, try typing `2' now; then
my insertion and my current dilemma will both disappear.

c:/Users/Admin/Documents/GitHub/training_for_CUMCM/main/main.tex:684: Missing \
cr inserted.
<inserted text> 
                \cr 
l.684 固
       有增长率 & $\gamma$ & 0.022   & 1/day \
I'm guessing that you meant to end an alignment here.

c:/Users/Admin/Documents/GitHub/training_for_CUMCM/main/main.tex:684: Missing {
 inserted.
<inserted text> 
                {
l.684 固
       有增长率 & $\gamma$ & 0.022   & 1/day \
I've put in what seems to be necessary to fix
the current column of the current alignment.
Try to go on, since this might almost work.

c:/Users/Admin/Documents/GitHub/training_for_CUMCM/main/main.tex:684: Undefined
 control sequence.
\@BTrule ...\doublerulesep \fi \fi \fi \@BTswitch 
                                                  
l.684 固
       有增长率 & $\gamma$ & 0.022   & 1/day \
The control sequence at the end of the top line
of your error message was never \def'ed. If you have
misspelled it (e.g., `\hobx'), type `I' and the correct
spelling (e.g., `I\hbox'). Otherwise just continue,
and I'll forget about whatever was undefined.

c:/Users/Admin/Documents/GitHub/training_for_CUMCM/main/main.tex:684: Misplaced
 alignment tab character &.
<recently read> &
                 
l.684 固有增长率 &
              $\gamma$ & 0.022   & 1/day \
I can't figure out why you would want to use a tab mark
here. If you just want an ampersand, the remedy is
simple: Just type `I\&' now. But if some right brace
up above has ended a previous alignment prematurely,
you're probably due for more error messages, and you
might try typing `S' now just to see what is salvageable.

c:/Users/Admin/Documents/GitHub/training_for_CUMCM/main/main.tex:684: Misplaced
 alignment tab character &.
l.684 固有增长率 & $\gamma$ &
                         0.022   & 1/day \
I can't figure out why you would want to use a tab mark
here. If you just want an ampersand, the remedy is
simple: Just type `I\&' now. But if some right brace
up above has ended a previous alignment prematurely,
you're probably due for more error messages, and you
might try typing `S' now just to see what is salvageable.

c:/Users/Admin/Documents/GitHub/training_for_CUMCM/main/main.tex:684: Misplaced
 alignment tab character &.
l.684 固有增长率 & $\gamma$ & 0.022   &
                                   1/day \
I can't figure out why you would want to use a tab mark
here. If you just want an ampersand, the remedy is
simple: Just type `I\&' now. But if some right brace
up above has ended a previous alignment prematurely,
you're probably due for more error messages, and you
might try typing `S' now just to see what is salvageable.

c:/Users/Admin/Documents/GitHub/training_for_CUMCM/main/main.tex:685: Misplaced
 alignment tab character &.
<recently read> &
                 
l.685 抑制系数   &
               $\beta$  & 1.5929  & — \
I can't figure out why you would want to use a tab mark
here. If you just want an ampersand, the remedy is
simple: Just type `I\&' now. But if some right brace
up above has ended a previous alignment prematurely,
you're probably due for more error messages, and you
might try typing `S' now just to see what is salvageable.

c:/Users/Admin/Documents/GitHub/training_for_CUMCM/main/main.tex:685: Misplaced
 alignment tab character &.
l.685 抑制系数   & $\beta$  &
                          1.5929  & — \
I can't figure out why you would want to use a tab mark
here. If you just want an ampersand, the remedy is
simple: Just type `I\&' now. But if some right brace
up above has ended a previous alignment prematurely,
you're probably due for more error messages, and you
might try typing `S' now just to see what is salvageable.

c:/Users/Admin/Documents/GitHub/training_for_CUMCM/main/main.tex:685: Misplaced
 alignment tab character &.
l.685 抑制系数   & $\beta$  & 1.5929  &
                                    — \
I can't figure out why you would want to use a tab mark
here. If you just want an ampersand, the remedy is
simple: Just type `I\&' now. But if some right brace
up above has ended a previous alignment prematurely,
you're probably due for more error messages, and you
might try typing `S' now just to see what is salvageable.

c:/Users/Admin/Documents/GitHub/training_for_CUMCM/main/main.tex:686: Misplaced
 alignment tab character &.
<recently read> &
                 
l.686 促进系数   &
               $\alpha$ & 0.0164  & — \
I can't figure out why you would want to use a tab mark
here. If you just want an ampersand, the remedy is
simple: Just type `I\&' now. But if some right brace
up above has ended a previous alignment prematurely,
you're probably due for more error messages, and you
might try typing `S' now just to see what is salvageable.

c:/Users/Admin/Documents/GitHub/training_for_CUMCM/main/main.tex:686: Misplaced
 alignment tab character &.
l.686 促进系数   & $\alpha$ &
                          0.0164  & — \
I can't figure out why you would want to use a tab mark
here. If you just want an ampersand, the remedy is
simple: Just type `I\&' now. But if some right brace
up above has ended a previous alignment prematurely,
you're probably due for more error messages, and you
might try typing `S' now just to see what is salvageable.

c:/Users/Admin/Documents/GitHub/training_for_CUMCM/main/main.tex:686: Misplaced
 alignment tab character &.
l.686 促进系数   & $\alpha$ & 0.0164  &
                                    — \
I can't figure out why you would want to use a tab mark
here. If you just want an ampersand, the remedy is
simple: Just type `I\&' now. But if some right brace
up above has ended a previous alignment prematurely,
you're probably due for more error messages, and you
might try typing `S' now just to see what is salvageable.

c:/Users/Admin/Documents/GitHub/training_for_CUMCM/main/main.tex:687: Misplaced
 alignment tab character &.
<recently read> &
                 
l.687 基准容量   &
               $K$      & 8011    & tons/day \
I can't figure out why you would want to use a tab mark
here. If you just want an ampersand, the remedy is
simple: Just type `I\&' now. But if some right brace
up above has ended a previous alignment prematurely,
you're probably due for more error messages, and you
might try typing `S' now just to see what is salvageable.

c:/Users/Admin/Documents/GitHub/training_for_CUMCM/main/main.tex:687: Misplaced
 alignment tab character &.
l.687 基准容量   & $K$      &
                          8011    & tons/day \
I can't figure out why you would want to use a tab mark
here. If you just want an ampersand, the remedy is
simple: Just type `I\&' now. But if some right brace
up above has ended a previous alignment prematurely,
you're probably due for more error messages, and you
might try typing `S' now just to see what is salvageable.

c:/Users/Admin/Documents/GitHub/training_for_CUMCM/main/main.tex:687: Misplaced
 alignment tab character &.
l.687 基准容量   & $K$      & 8011    &
                                    tons/day \
I can't figure out why you would want to use a tab mark
here. If you just want an ampersand, the remedy is
simple: Just type `I\&' now. But if some right brace
up above has ended a previous alignment prematurely,
you're probably due for more error messages, and you
might try typing `S' now just to see what is salvageable.

c:/Users/Admin/Documents/GitHub/training_for_CUMCM/main/main.tex:688: Misplaced
 \noalign.
\midrule ->\noalign 
                    {\ifnum 0=`}\fi \@aboverulesep =\aboverulesep \global \@...
l.688 \midrule
              
I expect to see \noalign only after the \cr of
an alignment. Proceed, and I'll ignore this case.

c:/Users/Admin/Documents/GitHub/training_for_CUMCM/main/main.tex:689: Misplaced
 alignment tab character &.
<recently read> &
                 
l.689 有效增长率 &
              $r = \gamma/(1+\beta)$ & 0.008485 & 1/day \
I can't figure out why you would want to use a tab mark
here. If you just want an ampersand, the remedy is
simple: Just type `I\&' now. But if some right brace
up above has ended a previous alignment prematurely,
you're probably due for more error messages, and you
might try typing `S' now just to see what is salvageable.

c:/Users/Admin/Documents/GitHub/training_for_CUMCM/main/main.tex:689: Misplaced
 alignment tab character &.
l.689 有效增长率 & $r = \gamma/(1+\beta)$ &
                                       0.008485 & 1/day \
I can't figure out why you would want to use a tab mark
here. If you just want an ampersand, the remedy is
simple: Just type `I\&' now. But if some right brace
up above has ended a previous alignment prematurely,
you're probably due for more error messages, and you
might try typing `S' now just to see what is salvageable.

c:/Users/Admin/Documents/GitHub/training_for_CUMCM/main/main.tex:689: Misplaced
 alignment tab character &.
l.689 有效增长率 & $r = \gamma/(1+\beta)$ & 0.008485 &
                                                  1/day \
I can't figure out why you would want to use a tab mark
here. If you just want an ampersand, the remedy is
simple: Just type `I\&' now. But if some right brace
up above has ended a previous alignment prematurely,
you're probably due for more error messages, and you
might try typing `S' now just to see what is salvageable.

c:/Users/Admin/Documents/GitHub/training_for_CUMCM/main/main.tex:690: Misplaced
 alignment tab character &.
<recently read> &
                 
l.690 有效容量   &
               $K_{\text{eff}} = K(1+\alpha)$ & 8142.22 & tons/day \
I can't figure out why you would want to use a tab mark
here. If you just want an ampersand, the remedy is
simple: Just type `I\&' now. But if some right brace
up above has ended a previous alignment prematurely,
you're probably due for more error messages, and you
might try typing `S' now just to see what is salvageable.

c:/Users/Admin/Documents/GitHub/training_for_CUMCM/main/main.tex:690: Misplaced
 alignment tab character &.
l.690 有效容量   & $K_{\text{eff}} = K(1+\alpha)$ &
                                                8142.22 & tons/day \
I can't figure out why you would want to use a tab mark
here. If you just want an ampersand, the remedy is
simple: Just type `I\&' now. But if some right brace
up above has ended a previous alignment prematurely,
you're probably due for more error messages, and you
might try typing `S' now just to see what is salvageable.

c:/Users/Admin/Documents/GitHub/training_for_CUMCM/main/main.tex:690: Misplaced
 alignment tab character &.
l.690 ...K_{\text{eff}} = K(1+\alpha)$ & 8142.22 &
                                                   tons/day \
I can't figure out why you would want to use a tab mark
here. If you just want an ampersand, the remedy is
simple: Just type `I\&' now. But if some right brace
up above has ended a previous alignment prematurely,
you're probably due for more error messages, and you
might try typing `S' now just to see what is salvageable.

c:/Users/Admin/Documents/GitHub/training_for_CUMCM/main/main.tex:691: Misplaced
 \noalign.
\bottomrule ->\noalign 
                       {\ifnum 0=`}\fi \@aboverulesep =\aboverulesep \global...
l.691 \bottomrule
                 
I expect to see \noalign only after the \cr of
an alignment. Proceed, and I'll ignore this case.

c:/Users/Admin/Documents/GitHub/training_for_CUMCM/main/main.tex:692: Misplaced
 \crcr.
\endtabular ->\crcr 
                    \egroup \egroup $\egroup 
l.692 \end{tabular}
                   
I can't figure out why you would want to use a tab mark
or \cr or \span just now. If something like a right brace
up above has ended a previous alignment prematurely,
you're probably due for more error messages, and you
might try typing `S' now just to see what is salvageable.

c:/Users/Admin/Documents/GitHub/training_for_CUMCM/main/main.tex:692: Extra }, 
or forgotten $.
\endtabular ->\crcr \egroup \egroup 
                                    $\egroup 
l.692 \end{tabular}
                   
I've deleted a group-closing symbol because it seems to be
spurious, as in `$x}$'. But perhaps the } is legitimate and
you forgot something else, as in `\hbox{$x}'. In such cases
the way to recover is to insert both the forgotten and the
deleted material, e.g., by typing `I$}'.

[12]
c:/Users/Admin/Documents/GitHub/training_for_CUMCM/main/main.tex:710: Misplaced
 \noalign.
\midrule ->\noalign 
                    {\ifnum 0=`}\fi \@aboverulesep =\aboverulesep \global \@...
l.710 \midrule
              
I expect to see \noalign only after the \cr of
an alignment. Proceed, and I'll ignore this case.

c:/Users/Admin/Documents/GitHub/training_for_CUMCM/main/main.tex:711: Missing }
 inserted.
<inserted text> 
                }
l.711 $
       r$      & 0.007636 & 0.008485 & 0.009333 \
I've inserted something that you may have forgotten.
(See the <inserted text> above.)
With luck, this will get me unwedged. But if you
really didn't forget anything, try typing `2' now; then
my insertion and my current dilemma will both disappear.

c:/Users/Admin/Documents/GitHub/training_for_CUMCM/main/main.tex:711: Missing }
 inserted.
<inserted text> 
                }
l.711 $
       r$      & 0.007636 & 0.008485 & 0.009333 \
I've inserted something that you may have forgotten.
(See the <inserted text> above.)
With luck, this will get me unwedged. But if you
really didn't forget anything, try typing `2' now; then
my insertion and my current dilemma will both disappear.

c:/Users/Admin/Documents/GitHub/training_for_CUMCM/main/main.tex:711: Missing }
 inserted.
<inserted text> 
                }
l.711 $
       r$      & 0.007636 & 0.008485 & 0.009333 \
I've inserted something that you may have forgotten.
(See the <inserted text> above.)
With luck, this will get me unwedged. But if you
really didn't forget anything, try typing `2' now; then
my insertion and my current dilemma will both disappear.

c:/Users/Admin/Documents/GitHub/training_for_CUMCM/main/main.tex:711: Missing \
cr inserted.
<inserted text> 
                \cr 
l.711 $
       r$      & 0.007636 & 0.008485 & 0.009333 \
I'm guessing that you meant to end an alignment here.

c:/Users/Admin/Documents/GitHub/training_for_CUMCM/main/main.tex:711: Missing {
 inserted.
<inserted text> 
                {
l.711 $
       r$      & 0.007636 & 0.008485 & 0.009333 \
I've put in what seems to be necessary to fix
the current column of the current alignment.
Try to go on, since this might almost work.

c:/Users/Admin/Documents/GitHub/training_for_CUMCM/main/main.tex:711: Undefined
 control sequence.
\@BTrule ...\doublerulesep \fi \fi \fi \@BTswitch 
                                                  
l.711 $
       r$      & 0.007636 & 0.008485 & 0.009333 \
The control sequence at the end of the top line
of your error message was never \def'ed. If you have
misspelled it (e.g., `\hobx'), type `I' and the correct
spelling (e.g., `I\hbox'). Otherwise just continue,
and I'll forget about whatever was undefined.

c:/Users/Admin/Documents/GitHub/training_for_CUMCM/main/main.tex:711: Misplaced
 alignment tab character &.
l.711 $r$      &
                 0.007636 & 0.008485 & 0.009333 \
I can't figure out why you would want to use a tab mark
here. If you just want an ampersand, the remedy is
simple: Just type `I\&' now. But if some right brace
up above has ended a previous alignment prematurely,
you're probably due for more error messages, and you
might try typing `S' now just to see what is salvageable.

c:/Users/Admin/Documents/GitHub/training_for_CUMCM/main/main.tex:711: Misplaced
 alignment tab character &.
l.711 $r$      & 0.007636 &
                            0.008485 & 0.009333 \
I can't figure out why you would want to use a tab mark
here. If you just want an ampersand, the remedy is
simple: Just type `I\&' now. But if some right brace
up above has ended a previous alignment prematurely,
you're probably due for more error messages, and you
might try typing `S' now just to see what is salvageable.

c:/Users/Admin/Documents/GitHub/training_for_CUMCM/main/main.tex:711: Misplaced
 alignment tab character &.
l.711 $r$      & 0.007636 & 0.008485 &
                                       0.009333 \
I can't figure out why you would want to use a tab mark
here. If you just want an ampersand, the remedy is
simple: Just type `I\&' now. But if some right brace
up above has ended a previous alignment prematurely,
you're probably due for more error messages, and you
might try typing `S' now just to see what is salvageable.

c:/Users/Admin/Documents/GitHub/training_for_CUMCM/main/main.tex:712: Misplaced
 alignment tab character &.
l.712 $K_{\text{eff}}$ &
                         8142.2 & 8142.2 & 8142.2 \
I can't figure out why you would want to use a tab mark
here. If you just want an ampersand, the remedy is
simple: Just type `I\&' now. But if some right brace
up above has ended a previous alignment prematurely,
you're probably due for more error messages, and you
might try typing `S' now just to see what is salvageable.

c:/Users/Admin/Documents/GitHub/training_for_CUMCM/main/main.tex:712: Misplaced
 alignment tab character &.
l.712 $K_{\text{eff}}$ & 8142.2 &
                                  8142.2 & 8142.2 \
I can't figure out why you would want to use a tab mark
here. If you just want an ampersand, the remedy is
simple: Just type `I\&' now. But if some right brace
up above has ended a previous alignment prematurely,
you're probably due for more error messages, and you
might try typing `S' now just to see what is salvageable.

c:/Users/Admin/Documents/GitHub/training_for_CUMCM/main/main.tex:712: Misplaced
 alignment tab character &.
l.712 $K_{\text{eff}}$ & 8142.2 & 8142.2 &
                                           8142.2 \
I can't figure out why you would want to use a tab mark
here. If you just want an ampersand, the remedy is
simple: Just type `I\&' now. But if some right brace
up above has ended a previous alignment prematurely,
you're probably due for more error messages, and you
might try typing `S' now just to see what is salvageable.

c:/Users/Admin/Documents/GitHub/training_for_CUMCM/main/main.tex:713: Misplaced
 alignment tab character &.
l.713 $R^2$    &
                 0.9810 & 0.9915 & 0.9830 \
I can't figure out why you would want to use a tab mark
here. If you just want an ampersand, the remedy is
simple: Just type `I\&' now. But if some right brace
up above has ended a previous alignment prematurely,
you're probably due for more error messages, and you
might try typing `S' now just to see what is salvageable.

c:/Users/Admin/Documents/GitHub/training_for_CUMCM/main/main.tex:713: Misplaced
 alignment tab character &.
l.713 $R^2$    & 0.9810 &
                          0.9915 & 0.9830 \
I can't figure out why you would want to use a tab mark
here. If you just want an ampersand, the remedy is
simple: Just type `I\&' now. But if some right brace
up above has ended a previous alignment prematurely,
you're probably due for more error messages, and you
might try typing `S' now just to see what is salvageable.

c:/Users/Admin/Documents/GitHub/training_for_CUMCM/main/main.tex:713: Misplaced
 alignment tab character &.
l.713 $R^2$    & 0.9810 & 0.9915 &
                                   0.9830 \
I can't figure out why you would want to use a tab mark
here. If you just want an ampersand, the remedy is
simple: Just type `I\&' now. But if some right brace
up above has ended a previous alignment prematurely,
you're probably due for more error messages, and you
might try typing `S' now just to see what is salvageable.

c:/Users/Admin/Documents/GitHub/training_for_CUMCM/main/main.tex:714: Misplaced
 alignment tab character &.
l.714 MAE      &
                 59.8 & 38.3 & 57.7 \
I can't figure out why you would want to use a tab mark
here. If you just want an ampersand, the remedy is
simple: Just type `I\&' now. But if some right brace
up above has ended a previous alignment prematurely,
you're probably due for more error messages, and you
might try typing `S' now just to see what is salvageable.

c:/Users/Admin/Documents/GitHub/training_for_CUMCM/main/main.tex:714: Misplaced
 alignment tab character &.
l.714 MAE      & 59.8 &
                        38.3 & 57.7 \
I can't figure out why you would want to use a tab mark
here. If you just want an ampersand, the remedy is
simple: Just type `I\&' now. But if some right brace
up above has ended a previous alignment prematurely,
you're probably due for more error messages, and you
might try typing `S' now just to see what is salvageable.

c:/Users/Admin/Documents/GitHub/training_for_CUMCM/main/main.tex:714: Misplaced
 alignment tab character &.
l.714 MAE      & 59.8 & 38.3 &
                               57.7 \
I can't figure out why you would want to use a tab mark
here. If you just want an ampersand, the remedy is
simple: Just type `I\&' now. But if some right brace
up above has ended a previous alignment prematurely,
you're probably due for more error messages, and you
might try typing `S' now just to see what is salvageable.

c:/Users/Admin/Documents/GitHub/training_for_CUMCM/main/main.tex:715: Misplaced
 alignment tab character &.
l.715 RMSE     &
                 77.7 & 51.9 & 73.5 \
I can't figure out why you would want to use a tab mark
here. If you just want an ampersand, the remedy is
simple: Just type `I\&' now. But if some right brace
up above has ended a previous alignment prematurely,
you're probably due for more error messages, and you
might try typing `S' now just to see what is salvageable.

c:/Users/Admin/Documents/GitHub/training_for_CUMCM/main/main.tex:715: Misplaced
 alignment tab character &.
l.715 RMSE     & 77.7 &
                        51.9 & 73.5 \
I can't figure out why you would want to use a tab mark
here. If you just want an ampersand, the remedy is
simple: Just type `I\&' now. But if some right brace
up above has ended a previous alignment prematurely,
you're probably due for more error messages, and you
might try typing `S' now just to see what is salvageable.

c:/Users/Admin/Documents/GitHub/training_for_CUMCM/main/main.tex:715: Misplaced
 alignment tab character &.
l.715 RMSE     & 77.7 & 51.9 &
                               73.5 \
I can't figure out why you would want to use a tab mark
here. If you just want an ampersand, the remedy is
simple: Just type `I\&' now. But if some right brace
up above has ended a previous alignment prematurely,
you're probably due for more error messages, and you
might try typing `S' now just to see what is salvageable.

c:/Users/Admin/Documents/GitHub/training_for_CUMCM/main/main.tex:716: Misplaced
 \noalign.
\bottomrule ->\noalign 
                       {\ifnum 0=`}\fi \@aboverulesep =\aboverulesep \global...
l.716 \bottomrule
                 
I expect to see \noalign only after the \cr of
an alignment. Proceed, and I'll ignore this case.

c:/Users/Admin/Documents/GitHub/training_for_CUMCM/main/main.tex:717: Misplaced
 \crcr.
\endtabular ->\crcr 
                    \egroup \egroup $\egroup 
l.717 \end{tabular}
                   
I can't figure out why you would want to use a tab mark
or \cr or \span just now. If something like a right brace
up above has ended a previous alignment prematurely,
you're probably due for more error messages, and you
might try typing `S' now just to see what is salvageable.

c:/Users/Admin/Documents/GitHub/training_for_CUMCM/main/main.tex:717: Extra }, 
or forgotten $.
\endtabular ->\crcr \egroup \egroup 
                                    $\egroup 
l.717 \end{tabular}
                   
I've deleted a group-closing symbol because it seems to be
spurious, as in `$x}$'. But perhaps the } is legitimate and
you forgot something else, as in `\hbox{$x}'. In such cases
the way to recover is to insert both the forgotten and the
deleted material, e.g., by typing `I$}'.

c:/Users/Admin/Documents/GitHub/training_for_CUMCM/main/main.tex:741: Misplaced
 \noalign.
\midrule ->\noalign 
                    {\ifnum 0=`}\fi \@aboverulesep =\aboverulesep \global \@...
l.741 \midrule
              
I expect to see \noalign only after the \cr of
an alignment. Proceed, and I'll ignore this case.

c:/Users/Admin/Documents/GitHub/training_for_CUMCM/main/main.tex:742: Missing }
 inserted.
<inserted text> 
                }
l.742 $
       r$      & 0.009040 & 0.008485 & 0.007994 \
I've inserted something that you may have forgotten.
(See the <inserted text> above.)
With luck, this will get me unwedged. But if you
really didn't forget anything, try typing `2' now; then
my insertion and my current dilemma will both disappear.

c:/Users/Admin/Documents/GitHub/training_for_CUMCM/main/main.tex:742: Missing }
 inserted.
<inserted text> 
                }
l.742 $
       r$      & 0.009040 & 0.008485 & 0.007994 \
I've inserted something that you may have forgotten.
(See the <inserted text> above.)
With luck, this will get me unwedged. But if you
really didn't forget anything, try typing `2' now; then
my insertion and my current dilemma will both disappear.

c:/Users/Admin/Documents/GitHub/training_for_CUMCM/main/main.tex:742: Missing }
 inserted.
<inserted text> 
                }
l.742 $
       r$      & 0.009040 & 0.008485 & 0.007994 \
I've inserted something that you may have forgotten.
(See the <inserted text> above.)
With luck, this will get me unwedged. But if you
really didn't forget anything, try typing `2' now; then
my insertion and my current dilemma will both disappear.

c:/Users/Admin/Documents/GitHub/training_for_CUMCM/main/main.tex:742: Missing \
cr inserted.
<inserted text> 
                \cr 
l.742 $
       r$      & 0.009040 & 0.008485 & 0.007994 \
I'm guessing that you meant to end an alignment here.

c:/Users/Admin/Documents/GitHub/training_for_CUMCM/main/main.tex:742: Missing {
 inserted.
<inserted text> 
                {
l.742 $
       r$      & 0.009040 & 0.008485 & 0.007994 \
I've put in what seems to be necessary to fix
the current column of the current alignment.
Try to go on, since this might almost work.

c:/Users/Admin/Documents/GitHub/training_for_CUMCM/main/main.tex:742: Undefined
 control sequence.
\@BTrule ...\doublerulesep \fi \fi \fi \@BTswitch 
                                                  
l.742 $
       r$      & 0.009040 & 0.008485 & 0.007994 \
The control sequence at the end of the top line
of your error message was never \def'ed. If you have
misspelled it (e.g., `\hobx'), type `I' and the correct
spelling (e.g., `I\hbox'). Otherwise just continue,
and I'll forget about whatever was undefined.

c:/Users/Admin/Documents/GitHub/training_for_CUMCM/main/main.tex:742: Misplaced
 alignment tab character &.
l.742 $r$      &
                 0.009040 & 0.008485 & 0.007994 \
I can't figure out why you would want to use a tab mark
here. If you just want an ampersand, the remedy is
simple: Just type `I\&' now. But if some right brace
up above has ended a previous alignment prematurely,
you're probably due for more error messages, and you
might try typing `S' now just to see what is salvageable.

c:/Users/Admin/Documents/GitHub/training_for_CUMCM/main/main.tex:742: Misplaced
 alignment tab character &.
l.742 $r$      & 0.009040 &
                            0.008485 & 0.007994 \
I can't figure out why you would want to use a tab mark
here. If you just want an ampersand, the remedy is
simple: Just type `I\&' now. But if some right brace
up above has ended a previous alignment prematurely,
you're probably due for more error messages, and you
might try typing `S' now just to see what is salvageable.

c:/Users/Admin/Documents/GitHub/training_for_CUMCM/main/main.tex:742: Misplaced
 alignment tab character &.
l.742 $r$      & 0.009040 & 0.008485 &
                                       0.007994 \
I can't figure out why you would want to use a tab mark
here. If you just want an ampersand, the remedy is
simple: Just type `I\&' now. But if some right brace
up above has ended a previous alignment prematurely,
you're probably due for more error messages, and you
might try typing `S' now just to see what is salvageable.

c:/Users/Admin/Documents/GitHub/training_for_CUMCM/main/main.tex:743: Misplaced
 alignment tab character &.
l.743 $K_{\text{eff}}$ &
                         8142.2 & 8142.2 & 8142.2 \
I can't figure out why you would want to use a tab mark
here. If you just want an ampersand, the remedy is
simple: Just type `I\&' now. But if some right brace
up above has ended a previous alignment prematurely,
you're probably due for more error messages, and you
might try typing `S' now just to see what is salvageable.

c:/Users/Admin/Documents/GitHub/training_for_CUMCM/main/main.tex:743: Misplaced
 alignment tab character &.
l.743 $K_{\text{eff}}$ & 8142.2 &
                                  8142.2 & 8142.2 \
I can't figure out why you would want to use a tab mark
here. If you just want an ampersand, the remedy is
simple: Just type `I\&' now. But if some right brace
up above has ended a previous alignment prematurely,
you're probably due for more error messages, and you
might try typing `S' now just to see what is salvageable.

c:/Users/Admin/Documents/GitHub/training_for_CUMCM/main/main.tex:743: Misplaced
 alignment tab character &.
l.743 $K_{\text{eff}}$ & 8142.2 & 8142.2 &
                                           8142.2 \
I can't figure out why you would want to use a tab mark
here. If you just want an ampersand, the remedy is
simple: Just type `I\&' now. But if some right brace
up above has ended a previous alignment prematurely,
you're probably due for more error messages, and you
might try typing `S' now just to see what is salvageable.

c:/Users/Admin/Documents/GitHub/training_for_CUMCM/main/main.tex:744: Misplaced
 alignment tab character &.
l.744 $R^2$    &
                 0.9877 & 0.9915 & 0.9882 \
I can't figure out why you would want to use a tab mark
here. If you just want an ampersand, the remedy is
simple: Just type `I\&' now. But if some right brace
up above has ended a previous alignment prematurely,
you're probably due for more error messages, and you
might try typing `S' now just to see what is salvageable.

c:/Users/Admin/Documents/GitHub/training_for_CUMCM/main/main.tex:744: Misplaced
 alignment tab character &.
l.744 $R^2$    & 0.9877 &
                          0.9915 & 0.9882 \
I can't figure out why you would want to use a tab mark
here. If you just want an ampersand, the remedy is
simple: Just type `I\&' now. But if some right brace
up above has ended a previous alignment prematurely,
you're probably due for more error messages, and you
might try typing `S' now just to see what is salvageable.

c:/Users/Admin/Documents/GitHub/training_for_CUMCM/main/main.tex:744: Misplaced
 alignment tab character &.
l.744 $R^2$    & 0.9877 & 0.9915 &
                                   0.9882 \
I can't figure out why you would want to use a tab mark
here. If you just want an ampersand, the remedy is
simple: Just type `I\&' now. But if some right brace
up above has ended a previous alignment prematurely,
you're probably due for more error messages, and you
might try typing `S' now just to see what is salvageable.

c:/Users/Admin/Documents/GitHub/training_for_CUMCM/main/main.tex:745: Misplaced
 alignment tab character &.
l.745 MAE      &
                 49.7 & 38.3 & 48.3 \
I can't figure out why you would want to use a tab mark
here. If you just want an ampersand, the remedy is
simple: Just type `I\&' now. But if some right brace
up above has ended a previous alignment prematurely,
you're probably due for more error messages, and you
might try typing `S' now just to see what is salvageable.

c:/Users/Admin/Documents/GitHub/training_for_CUMCM/main/main.tex:745: Misplaced
 alignment tab character &.
l.745 MAE      & 49.7 &
                        38.3 & 48.3 \
I can't figure out why you would want to use a tab mark
here. If you just want an ampersand, the remedy is
simple: Just type `I\&' now. But if some right brace
up above has ended a previous alignment prematurely,
you're probably due for more error messages, and you
might try typing `S' now just to see what is salvageable.

c:/Users/Admin/Documents/GitHub/training_for_CUMCM/main/main.tex:745: Misplaced
 alignment tab character &.
l.745 MAE      & 49.7 & 38.3 &
                               48.3 \
I can't figure out why you would want to use a tab mark
here. If you just want an ampersand, the remedy is
simple: Just type `I\&' now. But if some right brace
up above has ended a previous alignment prematurely,
you're probably due for more error messages, and you
might try typing `S' now just to see what is salvageable.

c:/Users/Admin/Documents/GitHub/training_for_CUMCM/main/main.tex:746: Misplaced
 alignment tab character &.
l.746 RMSE     &
                 62.4 & 51.9 & 61.3 \
I can't figure out why you would want to use a tab mark
here. If you just want an ampersand, the remedy is
simple: Just type `I\&' now. But if some right brace
up above has ended a previous alignment prematurely,
you're probably due for more error messages, and you
might try typing `S' now just to see what is salvageable.

c:/Users/Admin/Documents/GitHub/training_for_CUMCM/main/main.tex:746: Misplaced
 alignment tab character &.
l.746 RMSE     & 62.4 &
                        51.9 & 61.3 \
I can't figure out why you would want to use a tab mark
here. If you just want an ampersand, the remedy is
simple: Just type `I\&' now. But if some right brace
up above has ended a previous alignment prematurely,
you're probably due for more error messages, and you
might try typing `S' now just to see what is salvageable.

c:/Users/Admin/Documents/GitHub/training_for_CUMCM/main/main.tex:746: Misplaced
 alignment tab character &.
l.746 RMSE     & 62.4 & 51.9 &
                               61.3 \
I can't figure out why you would want to use a tab mark
here. If you just want an ampersand, the remedy is
simple: Just type `I\&' now. But if some right brace
up above has ended a previous alignment prematurely,
you're probably due for more error messages, and you
might try typing `S' now just to see what is salvageable.

c:/Users/Admin/Documents/GitHub/training_for_CUMCM/main/main.tex:747: Misplaced
 \noalign.
\bottomrule ->\noalign 
                       {\ifnum 0=`}\fi \@aboverulesep =\aboverulesep \global...
l.747 \bottomrule
                 
I expect to see \noalign only after the \cr of
an alignment. Proceed, and I'll ignore this case.

c:/Users/Admin/Documents/GitHub/training_for_CUMCM/main/main.tex:748: Misplaced
 \crcr.
\endtabular ->\crcr 
                    \egroup \egroup $\egroup 
l.748 \end{tabular}
                   
I can't figure out why you would want to use a tab mark
or \cr or \span just now. If something like a right brace
up above has ended a previous alignment prematurely,
you're probably due for more error messages, and you
might try typing `S' now just to see what is salvageable.

c:/Users/Admin/Documents/GitHub/training_for_CUMCM/main/main.tex:748: Extra }, 
or forgotten $.
\endtabular ->\crcr \egroup \egroup 
                                    $\egroup 
l.748 \end{tabular}
                   
I've deleted a group-closing symbol because it seems to be
spurious, as in `$x}$'. But perhaps the } is legitimate and
you forgot something else, as in `\hbox{$x}'. In such cases
the way to recover is to insert both the forgotten and the
deleted material, e.g., by typing `I$}'.

[13]
c:/Users/Admin/Documents/GitHub/training_for_CUMCM/main/main.tex:773: Misplaced
 \noalign.
\midrule ->\noalign 
                    {\ifnum 0=`}\fi \@aboverulesep =\aboverulesep \global \@...
l.773 \midrule
              
I expect to see \noalign only after the \cr of
an alignment. Proceed, and I'll ignore this case.

c:/Users/Admin/Documents/GitHub/training_for_CUMCM/main/main.tex:774: Missing }
 inserted.
<inserted text> 
                }
l.774 $
       r$      & 0.008485 & 0.008485 & 0.008485 \
I've inserted something that you may have forgotten.
(See the <inserted text> above.)
With luck, this will get me unwedged. But if you
really didn't forget anything, try typing `2' now; then
my insertion and my current dilemma will both disappear.

c:/Users/Admin/Documents/GitHub/training_for_CUMCM/main/main.tex:774: Missing }
 inserted.
<inserted text> 
                }
l.774 $
       r$      & 0.008485 & 0.008485 & 0.008485 \
I've inserted something that you may have forgotten.
(See the <inserted text> above.)
With luck, this will get me unwedged. But if you
really didn't forget anything, try typing `2' now; then
my insertion and my current dilemma will both disappear.

c:/Users/Admin/Documents/GitHub/training_for_CUMCM/main/main.tex:774: Missing }
 inserted.
<inserted text> 
                }
l.774 $
       r$      & 0.008485 & 0.008485 & 0.008485 \
I've inserted something that you may have forgotten.
(See the <inserted text> above.)
With luck, this will get me unwedged. But if you
really didn't forget anything, try typing `2' now; then
my insertion and my current dilemma will both disappear.

c:/Users/Admin/Documents/GitHub/training_for_CUMCM/main/main.tex:774: Missing \
cr inserted.
<inserted text> 
                \cr 
l.774 $
       r$      & 0.008485 & 0.008485 & 0.008485 \
I'm guessing that you meant to end an alignment here.

c:/Users/Admin/Documents/GitHub/training_for_CUMCM/main/main.tex:774: Missing {
 inserted.
<inserted text> 
                {
l.774 $
       r$      & 0.008485 & 0.008485 & 0.008485 \
I've put in what seems to be necessary to fix
the current column of the current alignment.
Try to go on, since this might almost work.

c:/Users/Admin/Documents/GitHub/training_for_CUMCM/main/main.tex:774: Undefined
 control sequence.
\@BTrule ...\doublerulesep \fi \fi \fi \@BTswitch 
                                                  
l.774 $
       r$      & 0.008485 & 0.008485 & 0.008485 \
The control sequence at the end of the top line
of your error message was never \def'ed. If you have
misspelled it (e.g., `\hobx'), type `I' and the correct
spelling (e.g., `I\hbox'). Otherwise just continue,
and I'll forget about whatever was undefined.

c:/Users/Admin/Documents/GitHub/training_for_CUMCM/main/main.tex:774: Misplaced
 alignment tab character &.
l.774 $r$      &
                 0.008485 & 0.008485 & 0.008485 \
I can't figure out why you would want to use a tab mark
here. If you just want an ampersand, the remedy is
simple: Just type `I\&' now. But if some right brace
up above has ended a previous alignment prematurely,
you're probably due for more error messages, and you
might try typing `S' now just to see what is salvageable.

c:/Users/Admin/Documents/GitHub/training_for_CUMCM/main/main.tex:774: Misplaced
 alignment tab character &.
l.774 $r$      & 0.008485 &
                            0.008485 & 0.008485 \
I can't figure out why you would want to use a tab mark
here. If you just want an ampersand, the remedy is
simple: Just type `I\&' now. But if some right brace
up above has ended a previous alignment prematurely,
you're probably due for more error messages, and you
might try typing `S' now just to see what is salvageable.

c:/Users/Admin/Documents/GitHub/training_for_CUMCM/main/main.tex:774: Misplaced
 alignment tab character &.
l.774 $r$      & 0.008485 & 0.008485 &
                                       0.008485 \
I can't figure out why you would want to use a tab mark
here. If you just want an ampersand, the remedy is
simple: Just type `I\&' now. But if some right brace
up above has ended a previous alignment prematurely,
you're probably due for more error messages, and you
might try typing `S' now just to see what is salvageable.

c:/Users/Admin/Documents/GitHub/training_for_CUMCM/main/main.tex:775: Misplaced
 alignment tab character &.
l.775 $K_{\text{eff}}$ &
                         8129.1 & 8142.2 & 8155.3 \
I can't figure out why you would want to use a tab mark
here. If you just want an ampersand, the remedy is
simple: Just type `I\&' now. But if some right brace
up above has ended a previous alignment prematurely,
you're probably due for more error messages, and you
might try typing `S' now just to see what is salvageable.

c:/Users/Admin/Documents/GitHub/training_for_CUMCM/main/main.tex:775: Misplaced
 alignment tab character &.
l.775 $K_{\text{eff}}$ & 8129.1 &
                                  8142.2 & 8155.3 \
I can't figure out why you would want to use a tab mark
here. If you just want an ampersand, the remedy is
simple: Just type `I\&' now. But if some right brace
up above has ended a previous alignment prematurely,
you're probably due for more error messages, and you
might try typing `S' now just to see what is salvageable.

c:/Users/Admin/Documents/GitHub/training_for_CUMCM/main/main.tex:775: Misplaced
 alignment tab character &.
l.775 $K_{\text{eff}}$ & 8129.1 & 8142.2 &
                                           8155.3 \
I can't figure out why you would want to use a tab mark
here. If you just want an ampersand, the remedy is
simple: Just type `I\&' now. But if some right brace
up above has ended a previous alignment prematurely,
you're probably due for more error messages, and you
might try typing `S' now just to see what is salvageable.

c:/Users/Admin/Documents/GitHub/training_for_CUMCM/main/main.tex:776: Misplaced
 alignment tab character &.
l.776 $R^2$    &
                 0.9913 & 0.9915 & 0.9913 \
I can't figure out why you would want to use a tab mark
here. If you just want an ampersand, the remedy is
simple: Just type `I\&' now. But if some right brace
up above has ended a previous alignment prematurely,
you're probably due for more error messages, and you
might try typing `S' now just to see what is salvageable.

c:/Users/Admin/Documents/GitHub/training_for_CUMCM/main/main.tex:776: Misplaced
 alignment tab character &.
l.776 $R^2$    & 0.9913 &
                          0.9915 & 0.9913 \
I can't figure out why you would want to use a tab mark
here. If you just want an ampersand, the remedy is
simple: Just type `I\&' now. But if some right brace
up above has ended a previous alignment prematurely,
you're probably due for more error messages, and you
might try typing `S' now just to see what is salvageable.

c:/Users/Admin/Documents/GitHub/training_for_CUMCM/main/main.tex:776: Misplaced
 alignment tab character &.
l.776 $R^2$    & 0.9913 & 0.9915 &
                                   0.9913 \
I can't figure out why you would want to use a tab mark
here. If you just want an ampersand, the remedy is
simple: Just type `I\&' now. But if some right brace
up above has ended a previous alignment prematurely,
you're probably due for more error messages, and you
might try typing `S' now just to see what is salvageable.

c:/Users/Admin/Documents/GitHub/training_for_CUMCM/main/main.tex:777: Misplaced
 alignment tab character &.
l.777 MAE      &
                 37.4 & 38.3 & 41.0 \
I can't figure out why you would want to use a tab mark
here. If you just want an ampersand, the remedy is
simple: Just type `I\&' now. But if some right brace
up above has ended a previous alignment prematurely,
you're probably due for more error messages, and you
might try typing `S' now just to see what is salvageable.

c:/Users/Admin/Documents/GitHub/training_for_CUMCM/main/main.tex:777: Misplaced
 alignment tab character &.
l.777 MAE      & 37.4 &
                        38.3 & 41.0 \
I can't figure out why you would want to use a tab mark
here. If you just want an ampersand, the remedy is
simple: Just type `I\&' now. But if some right brace
up above has ended a previous alignment prematurely,
you're probably due for more error messages, and you
might try typing `S' now just to see what is salvageable.

c:/Users/Admin/Documents/GitHub/training_for_CUMCM/main/main.tex:777: Misplaced
 alignment tab character &.
l.777 MAE      & 37.4 & 38.3 &
                               41.0 \
I can't figure out why you would want to use a tab mark
here. If you just want an ampersand, the remedy is
simple: Just type `I\&' now. But if some right brace
up above has ended a previous alignment prematurely,
you're probably due for more error messages, and you
might try typing `S' now just to see what is salvageable.

c:/Users/Admin/Documents/GitHub/training_for_CUMCM/main/main.tex:778: Misplaced
 alignment tab character &.
l.778 RMSE     &
                 52.4 & 51.9 & 52.4 \
I can't figure out why you would want to use a tab mark
here. If you just want an ampersand, the remedy is
simple: Just type `I\&' now. But if some right brace
up above has ended a previous alignment prematurely,
you're probably due for more error messages, and you
might try typing `S' now just to see what is salvageable.

c:/Users/Admin/Documents/GitHub/training_for_CUMCM/main/main.tex:778: Misplaced
 alignment tab character &.
l.778 RMSE     & 52.4 &
                        51.9 & 52.4 \
I can't figure out why you would want to use a tab mark
here. If you just want an ampersand, the remedy is
simple: Just type `I\&' now. But if some right brace
up above has ended a previous alignment prematurely,
you're probably due for more error messages, and you
might try typing `S' now just to see what is salvageable.

c:/Users/Admin/Documents/GitHub/training_for_CUMCM/main/main.tex:778: Misplaced
 alignment tab character &.
l.778 RMSE     & 52.4 & 51.9 &
                               52.4 \
I can't figure out why you would want to use a tab mark
here. If you just want an ampersand, the remedy is
simple: Just type `I\&' now. But if some right brace
up above has ended a previous alignment prematurely,
you're probably due for more error messages, and you
might try typing `S' now just to see what is salvageable.

c:/Users/Admin/Documents/GitHub/training_for_CUMCM/main/main.tex:779: Misplaced
 \noalign.
\bottomrule ->\noalign 
                       {\ifnum 0=`}\fi \@aboverulesep =\aboverulesep \global...
l.779 \bottomrule
                 
I expect to see \noalign only after the \cr of
an alignment. Proceed, and I'll ignore this case.

c:/Users/Admin/Documents/GitHub/training_for_CUMCM/main/main.tex:780: Misplaced
 \crcr.
\endtabular ->\crcr 
                    \egroup \egroup $\egroup 
l.780 \end{tabular}
                   
I can't figure out why you would want to use a tab mark
or \cr or \span just now. If something like a right brace
up above has ended a previous alignment prematurely,
you're probably due for more error messages, and you
might try typing `S' now just to see what is salvageable.

c:/Users/Admin/Documents/GitHub/training_for_CUMCM/main/main.tex:780: Extra }, 
or forgotten $.
\endtabular ->\crcr \egroup \egroup 
                                    $\egroup 
l.780 \end{tabular}
                   
I've deleted a group-closing symbol because it seems to be
spurious, as in `$x}$'. But perhaps the } is legitimate and
you forgot something else, as in `\hbox{$x}'. In such cases
the way to recover is to insert both the forgotten and the
deleted material, e.g., by typing `I$}'.

[14]
c:/Users/Admin/Documents/GitHub/training_for_CUMCM/main/main.tex:814: Misplaced
 \noalign.
\midrule ->\noalign 
                    {\ifnum 0=`}\fi \@aboverulesep =\aboverulesep \global \@...
l.814 \midrule
              
I expect to see \noalign only after the \cr of
an alignment. Proceed, and I'll ignore this case.

c:/Users/Admin/Documents/GitHub/training_for_CUMCM/main/main.tex:815: Missing }
 inserted.
<inserted text> 
                }
l.815 $
       r$      & 0.008485 & 0.008485 & 0.008485 \
I've inserted something that you may have forgotten.
(See the <inserted text> above.)
With luck, this will get me unwedged. But if you
really didn't forget anything, try typing `2' now; then
my insertion and my current dilemma will both disappear.

c:/Users/Admin/Documents/GitHub/training_for_CUMCM/main/main.tex:815: Missing }
 inserted.
<inserted text> 
                }
l.815 $
       r$      & 0.008485 & 0.008485 & 0.008485 \
I've inserted something that you may have forgotten.
(See the <inserted text> above.)
With luck, this will get me unwedged. But if you
really didn't forget anything, try typing `2' now; then
my insertion and my current dilemma will both disappear.

c:/Users/Admin/Documents/GitHub/training_for_CUMCM/main/main.tex:815: Missing }
 inserted.
<inserted text> 
                }
l.815 $
       r$      & 0.008485 & 0.008485 & 0.008485 \
I've inserted something that you may have forgotten.
(See the <inserted text> above.)
With luck, this will get me unwedged. But if you
really didn't forget anything, try typing `2' now; then
my insertion and my current dilemma will both disappear.

c:/Users/Admin/Documents/GitHub/training_for_CUMCM/main/main.tex:815: Missing \
cr inserted.
<inserted text> 
                \cr 
l.815 $
       r$      & 0.008485 & 0.008485 & 0.008485 \
I'm guessing that you meant to end an alignment here.

c:/Users/Admin/Documents/GitHub/training_for_CUMCM/main/main.tex:815: Missing {
 inserted.
<inserted text> 
                {
l.815 $
       r$      & 0.008485 & 0.008485 & 0.008485 \
I've put in what seems to be necessary to fix
the current column of the current alignment.
Try to go on, since this might almost work.

c:/Users/Admin/Documents/GitHub/training_for_CUMCM/main/main.tex:815: Undefined
 control sequence.
\@BTrule ...\doublerulesep \fi \fi \fi \@BTswitch 
                                                  
l.815 $
       r$      & 0.008485 & 0.008485 & 0.008485 \
The control sequence at the end of the top line
of your error message was never \def'ed. If you have
misspelled it (e.g., `\hobx'), type `I' and the correct
spelling (e.g., `I\hbox'). Otherwise just continue,
and I'll forget about whatever was undefined.

c:/Users/Admin/Documents/GitHub/training_for_CUMCM/main/main.tex:815: Misplaced
 alignment tab character &.
l.815 $r$      &
                 0.008485 & 0.008485 & 0.008485 \
I can't figure out why you would want to use a tab mark
here. If you just want an ampersand, the remedy is
simple: Just type `I\&' now. But if some right brace
up above has ended a previous alignment prematurely,
you're probably due for more error messages, and you
might try typing `S' now just to see what is salvageable.

c:/Users/Admin/Documents/GitHub/training_for_CUMCM/main/main.tex:815: Misplaced
 alignment tab character &.
l.815 $r$      & 0.008485 &
                            0.008485 & 0.008485 \
I can't figure out why you would want to use a tab mark
here. If you just want an ampersand, the remedy is
simple: Just type `I\&' now. But if some right brace
up above has ended a previous alignment prematurely,
you're probably due for more error messages, and you
might try typing `S' now just to see what is salvageable.

c:/Users/Admin/Documents/GitHub/training_for_CUMCM/main/main.tex:815: Misplaced
 alignment tab character &.
l.815 $r$      & 0.008485 & 0.008485 &
                                       0.008485 \
I can't figure out why you would want to use a tab mark
here. If you just want an ampersand, the remedy is
simple: Just type `I\&' now. But if some right brace
up above has ended a previous alignment prematurely,
you're probably due for more error messages, and you
might try typing `S' now just to see what is salvageable.

c:/Users/Admin/Documents/GitHub/training_for_CUMCM/main/main.tex:816: Misplaced
 alignment tab character &.
l.816 $K_{\text{eff}}$ &
                         7328.0 & 8142.2 & 8956.4 \
I can't figure out why you would want to use a tab mark
here. If you just want an ampersand, the remedy is
simple: Just type `I\&' now. But if some right brace
up above has ended a previous alignment prematurely,
you're probably due for more error messages, and you
might try typing `S' now just to see what is salvageable.

c:/Users/Admin/Documents/GitHub/training_for_CUMCM/main/main.tex:816: Misplaced
 alignment tab character &.
l.816 $K_{\text{eff}}$ & 7328.0 &
                                  8142.2 & 8956.4 \
I can't figure out why you would want to use a tab mark
here. If you just want an ampersand, the remedy is
simple: Just type `I\&' now. But if some right brace
up above has ended a previous alignment prematurely,
you're probably due for more error messages, and you
might try typing `S' now just to see what is salvageable.

c:/Users/Admin/Documents/GitHub/training_for_CUMCM/main/main.tex:816: Misplaced
 alignment tab character &.
l.816 $K_{\text{eff}}$ & 7328.0 & 8142.2 &
                                           8956.4 \
I can't figure out why you would want to use a tab mark
here. If you just want an ampersand, the remedy is
simple: Just type `I\&' now. But if some right brace
up above has ended a previous alignment prematurely,
you're probably due for more error messages, and you
might try typing `S' now just to see what is salvageable.

c:/Users/Admin/Documents/GitHub/training_for_CUMCM/main/main.tex:817: Misplaced
 alignment tab character &.
l.817 $R^2$    &
                 0.2630 & 0.9915 & 0.3256 \
I can't figure out why you would want to use a tab mark
here. If you just want an ampersand, the remedy is
simple: Just type `I\&' now. But if some right brace
up above has ended a previous alignment prematurely,
you're probably due for more error messages, and you
might try typing `S' now just to see what is salvageable.

c:/Users/Admin/Documents/GitHub/training_for_CUMCM/main/main.tex:817: Misplaced
 alignment tab character &.
l.817 $R^2$    & 0.2630 &
                          0.9915 & 0.3256 \
I can't figure out why you would want to use a tab mark
here. If you just want an ampersand, the remedy is
simple: Just type `I\&' now. But if some right brace
up above has ended a previous alignment prematurely,
you're probably due for more error messages, and you
might try typing `S' now just to see what is salvageable.

c:/Users/Admin/Documents/GitHub/training_for_CUMCM/main/main.tex:817: Misplaced
 alignment tab character &.
l.817 $R^2$    & 0.2630 & 0.9915 &
                                   0.3256 \
I can't figure out why you would want to use a tab mark
here. If you just want an ampersand, the remedy is
simple: Just type `I\&' now. But if some right brace
up above has ended a previous alignment prematurely,
you're probably due for more error messages, and you
might try typing `S' now just to see what is salvageable.

c:/Users/Admin/Documents/GitHub/training_for_CUMCM/main/main.tex:818: Misplaced
 alignment tab character &.
l.818 MAE      &
                 405.3 & 38.3 & 403.7 \
I can't figure out why you would want to use a tab mark
here. If you just want an ampersand, the remedy is
simple: Just type `I\&' now. But if some right brace
up above has ended a previous alignment prematurely,
you're probably due for more error messages, and you
might try typing `S' now just to see what is salvageable.

c:/Users/Admin/Documents/GitHub/training_for_CUMCM/main/main.tex:818: Misplaced
 alignment tab character &.
l.818 MAE      & 405.3 &
                         38.3 & 403.7 \
I can't figure out why you would want to use a tab mark
here. If you just want an ampersand, the remedy is
simple: Just type `I\&' now. But if some right brace
up above has ended a previous alignment prematurely,
you're probably due for more error messages, and you
might try typing `S' now just to see what is salvageable.

c:/Users/Admin/Documents/GitHub/training_for_CUMCM/main/main.tex:818: Misplaced
 alignment tab character &.
l.818 MAE      & 405.3 & 38.3 &
                                403.7 \
I can't figure out why you would want to use a tab mark
here. If you just want an ampersand, the remedy is
simple: Just type `I\&' now. But if some right brace
up above has ended a previous alignment prematurely,
you're probably due for more error messages, and you
might try typing `S' now just to see what is salvageable.

c:/Users/Admin/Documents/GitHub/training_for_CUMCM/main/main.tex:819: Misplaced
 alignment tab character &.
l.819 RMSE     &
                 483.6 & 51.9 & 462.6 \
I can't figure out why you would want to use a tab mark
here. If you just want an ampersand, the remedy is
simple: Just type `I\&' now. But if some right brace
up above has ended a previous alignment prematurely,
you're probably due for more error messages, and you
might try typing `S' now just to see what is salvageable.

c:/Users/Admin/Documents/GitHub/training_for_CUMCM/main/main.tex:819: Misplaced
 alignment tab character &.
l.819 RMSE     & 483.6 &
                         51.9 & 462.6 \
I can't figure out why you would want to use a tab mark
here. If you just want an ampersand, the remedy is
simple: Just type `I\&' now. But if some right brace
up above has ended a previous alignment prematurely,
you're probably due for more error messages, and you
might try typing `S' now just to see what is salvageable.

c:/Users/Admin/Documents/GitHub/training_for_CUMCM/main/main.tex:819: Misplaced
 alignment tab character &.
l.819 RMSE     & 483.6 & 51.9 &
                                462.6 \
I can't figure out why you would want to use a tab mark
here. If you just want an ampersand, the remedy is
simple: Just type `I\&' now. But if some right brace
up above has ended a previous alignment prematurely,
you're probably due for more error messages, and you
might try typing `S' now just to see what is salvageable.

c:/Users/Admin/Documents/GitHub/training_for_CUMCM/main/main.tex:820: Misplaced
 \noalign.
\bottomrule ->\noalign 
                       {\ifnum 0=`}\fi \@aboverulesep =\aboverulesep \global...
l.820 \bottomrule
                 
I expect to see \noalign only after the \cr of
an alignment. Proceed, and I'll ignore this case.

c:/Users/Admin/Documents/GitHub/training_for_CUMCM/main/main.tex:821: Misplaced
 \crcr.
\endtabular ->\crcr 
                    \egroup \egroup $\egroup 
l.821 \end{tabular}
                   
I can't figure out why you would want to use a tab mark
or \cr or \span just now. If something like a right brace
up above has ended a previous alignment prematurely,
you're probably due for more error messages, and you
might try typing `S' now just to see what is salvageable.

c:/Users/Admin/Documents/GitHub/training_for_CUMCM/main/main.tex:821: Extra }, 
or forgotten $.
\endtabular ->\crcr \egroup \egroup 
                                    $\egroup 
l.821 \end{tabular}
                   
I've deleted a group-closing symbol because it seems to be
spurious, as in `$x}$'. But perhaps the } is legitimate and
you forgot something else, as in `\hbox{$x}'. In such cases
the way to recover is to insert both the forgotten and the
deleted material, e.g., by typing `I$}'.

c:/Users/Admin/Documents/GitHub/training_for_CUMCM/main/main.tex:848: Misplaced
 \noalign.
\midrule ->\noalign 
                    {\ifnum 0=`}\fi \@aboverulesep =\aboverulesep \global \@...
l.848 \midrule
              
I expect to see \noalign only after the \cr of
an alignment. Proceed, and I'll ignore this case.

c:/Users/Admin/Documents/GitHub/training_for_CUMCM/main/main.tex:849: Missing }
 inserted.
<inserted text> 
                }
l.849 $
       K$      & 0.0626 & $[0.2630,\; 0.3256]$ & \textbf{极高}（$\times 30$--$1...
I've inserted something that you may have forgotten.
(See the <inserted text> above.)
With luck, this will get me unwedged. But if you
really didn't forget anything, try typing `2' now; then
my insertion and my current dilemma will both disappear.

c:/Users/Admin/Documents/GitHub/training_for_CUMCM/main/main.tex:849: Missing }
 inserted.
<inserted text> 
                }
l.849 $
       K$      & 0.0626 & $[0.2630,\; 0.3256]$ & \textbf{极高}（$\times 30$--$1...
I've inserted something that you may have forgotten.
(See the <inserted text> above.)
With luck, this will get me unwedged. But if you
really didn't forget anything, try typing `2' now; then
my insertion and my current dilemma will both disappear.

c:/Users/Admin/Documents/GitHub/training_for_CUMCM/main/main.tex:849: Missing }
 inserted.
<inserted text> 
                }
l.849 $
       K$      & 0.0626 & $[0.2630,\; 0.3256]$ & \textbf{极高}（$\times 30$--$1...
I've inserted something that you may have forgotten.
(See the <inserted text> above.)
With luck, this will get me unwedged. But if you
really didn't forget anything, try typing `2' now; then
my insertion and my current dilemma will both disappear.

c:/Users/Admin/Documents/GitHub/training_for_CUMCM/main/main.tex:849: Missing \
cr inserted.
<inserted text> 
                \cr 
l.849 $
       K$      & 0.0626 & $[0.2630,\; 0.3256]$ & \textbf{极高}（$\times 30$--$1...
I'm guessing that you meant to end an alignment here.

c:/Users/Admin/Documents/GitHub/training_for_CUMCM/main/main.tex:849: Missing {
 inserted.
<inserted text> 
                {
l.849 $
       K$      & 0.0626 & $[0.2630,\; 0.3256]$ & \textbf{极高}（$\times 30$--$1...
I've put in what seems to be necessary to fix
the current column of the current alignment.
Try to go on, since this might almost work.

c:/Users/Admin/Documents/GitHub/training_for_CUMCM/main/main.tex:849: Undefined
 control sequence.
\@BTrule ...\doublerulesep \fi \fi \fi \@BTswitch 
                                                  
l.849 $
       K$      & 0.0626 & $[0.2630,\; 0.3256]$ & \textbf{极高}（$\times 30$--$1...
The control sequence at the end of the top line
of your error message was never \def'ed. If you have
misspelled it (e.g., `\hobx'), type `I' and the correct
spelling (e.g., `I\hbox'). Otherwise just continue,
and I'll forget about whatever was undefined.

c:/Users/Admin/Documents/GitHub/training_for_CUMCM/main/main.tex:849: Misplaced
 alignment tab character &.
l.849 $K$      &
                 0.0626 & $[0.2630,\; 0.3256]$ & \textbf{极高}（$\times 30$--$1...
I can't figure out why you would want to use a tab mark
here. If you just want an ampersand, the remedy is
simple: Just type `I\&' now. But if some right brace
up above has ended a previous alignment prematurely,
you're probably due for more error messages, and you
might try typing `S' now just to see what is salvageable.

c:/Users/Admin/Documents/GitHub/training_for_CUMCM/main/main.tex:849: Misplaced
 alignment tab character &.
l.849 $K$      & 0.0626 &
                          $[0.2630,\; 0.3256]$ & \textbf{极高}（$\times 30$--$1...
I can't figure out why you would want to use a tab mark
here. If you just want an ampersand, the remedy is
simple: Just type `I\&' now. But if some right brace
up above has ended a previous alignment prematurely,
you're probably due for more error messages, and you
might try typing `S' now just to see what is salvageable.

c:/Users/Admin/Documents/GitHub/training_for_CUMCM/main/main.tex:849: Misplaced
 alignment tab character &.
l.849 $K$      & 0.0626 & $[0.2630,\; 0.3256]$ &
                                                 \textbf{极高}（$\times 30$--$1...
I can't figure out why you would want to use a tab mark
here. If you just want an ampersand, the remedy is
simple: Just type `I\&' now. But if some right brace
up above has ended a previous alignment prematurely,
you're probably due for more error messages, and you
might try typing `S' now just to see what is salvageable.

c:/Users/Admin/Documents/GitHub/training_for_CUMCM/main/main.tex:850: Misplaced
 alignment tab character &.
l.850 $\gamma$ &
                 0.0020 & $[0.9810,\; 0.9830]$ & 低 \
I can't figure out why you would want to use a tab mark
here. If you just want an ampersand, the remedy is
simple: Just type `I\&' now. But if some right brace
up above has ended a previous alignment prematurely,
you're probably due for more error messages, and you
might try typing `S' now just to see what is salvageable.

c:/Users/Admin/Documents/GitHub/training_for_CUMCM/main/main.tex:850: Misplaced
 alignment tab character &.
l.850 $\gamma$ & 0.0020 &
                          $[0.9810,\; 0.9830]$ & 低 \
I can't figure out why you would want to use a tab mark
here. If you just want an ampersand, the remedy is
simple: Just type `I\&' now. But if some right brace
up above has ended a previous alignment prematurely,
you're probably due for more error messages, and you
might try typing `S' now just to see what is salvageable.

c:/Users/Admin/Documents/GitHub/training_for_CUMCM/main/main.tex:850: Misplaced
 alignment tab character &.
l.850 $\gamma$ & 0.0020 & $[0.9810,\; 0.9830]$ &
                                                 低 \
I can't figure out why you would want to use a tab mark
here. If you just want an ampersand, the remedy is
simple: Just type `I\&' now. But if some right brace
up above has ended a previous alignment prematurely,
you're probably due for more error messages, and you
might try typing `S' now just to see what is salvageable.

c:/Users/Admin/Documents/GitHub/training_for_CUMCM/main/main.tex:851: Misplaced
 alignment tab character &.
l.851 $\beta$  &
                 0.0005 & $[0.9877,\; 0.9882]$ & 极低 \
I can't figure out why you would want to use a tab mark
here. If you just want an ampersand, the remedy is
simple: Just type `I\&' now. But if some right brace
up above has ended a previous alignment prematurely,
you're probably due for more error messages, and you
might try typing `S' now just to see what is salvageable.

c:/Users/Admin/Documents/GitHub/training_for_CUMCM/main/main.tex:851: Misplaced
 alignment tab character &.
l.851 $\beta$  & 0.0005 &
                          $[0.9877,\; 0.9882]$ & 极低 \
I can't figure out why you would want to use a tab mark
here. If you just want an ampersand, the remedy is
simple: Just type `I\&' now. But if some right brace
up above has ended a previous alignment prematurely,
you're probably due for more error messages, and you
might try typing `S' now just to see what is salvageable.

c:/Users/Admin/Documents/GitHub/training_for_CUMCM/main/main.tex:851: Misplaced
 alignment tab character &.
l.851 $\beta$  & 0.0005 & $[0.9877,\; 0.9882]$ &
                                                 极低 \
I can't figure out why you would want to use a tab mark
here. If you just want an ampersand, the remedy is
simple: Just type `I\&' now. But if some right brace
up above has ended a previous alignment prematurely,
you're probably due for more error messages, and you
might try typing `S' now just to see what is salvageable.

c:/Users/Admin/Documents/GitHub/training_for_CUMCM/main/main.tex:852: Misplaced
 alignment tab character &.
l.852 $\alpha$ &
                 0.0000 & $[0.9913,\; 0.9913]$ & 可忽略 \
I can't figure out why you would want to use a tab mark
here. If you just want an ampersand, the remedy is
simple: Just type `I\&' now. But if some right brace
up above has ended a previous alignment prematurely,
you're probably due for more error messages, and you
might try typing `S' now just to see what is salvageable.

c:/Users/Admin/Documents/GitHub/training_for_CUMCM/main/main.tex:852: Misplaced
 alignment tab character &.
l.852 $\alpha$ & 0.0000 &
                          $[0.9913,\; 0.9913]$ & 可忽略 \
I can't figure out why you would want to use a tab mark
here. If you just want an ampersand, the remedy is
simple: Just type `I\&' now. But if some right brace
up above has ended a previous alignment prematurely,
you're probably due for more error messages, and you
might try typing `S' now just to see what is salvageable.

c:/Users/Admin/Documents/GitHub/training_for_CUMCM/main/main.tex:852: Misplaced
 alignment tab character &.
l.852 $\alpha$ & 0.0000 & $[0.9913,\; 0.9913]$ &
                                                 可忽略 \
I can't figure out why you would want to use a tab mark
here. If you just want an ampersand, the remedy is
simple: Just type `I\&' now. But if some right brace
up above has ended a previous alignment prematurely,
you're probably due for more error messages, and you
might try typing `S' now just to see what is salvageable.

c:/Users/Admin/Documents/GitHub/training_for_CUMCM/main/main.tex:853: Misplaced
 \noalign.
\bottomrule ->\noalign 
                       {\ifnum 0=`}\fi \@aboverulesep =\aboverulesep \global...
l.853 \bottomrule
                 
I expect to see \noalign only after the \cr of
an alignment. Proceed, and I'll ignore this case.

c:/Users/Admin/Documents/GitHub/training_for_CUMCM/main/main.tex:854: Misplaced
 \crcr.
\endtabular ->\crcr 
                    \egroup \egroup $\egroup 
l.854 \end{tabular}
                   
I can't figure out why you would want to use a tab mark
or \cr or \span just now. If something like a right brace
up above has ended a previous alignment prematurely,
you're probably due for more error messages, and you
might try typing `S' now just to see what is salvageable.

c:/Users/Admin/Documents/GitHub/training_for_CUMCM/main/main.tex:854: Extra }, 
or forgotten $.
\endtabular ->\crcr \egroup \egroup 
                                    $\egroup 
l.854 \end{tabular}
                   
I've deleted a group-closing symbol because it seems to be
spurious, as in `$x}$'. But perhaps the } is legitimate and
you forgot something else, as in `\hbox{$x}'. In such cases
the way to recover is to insert both the forgotten and the
deleted material, e.g., by typing `I$}'.

c:/Users/Admin/Documents/GitHub/training_for_CUMCM/main/main.tex:863: Misplaced
 \noalign.
\midrule ->\noalign 
                    {\ifnum 0=`}\fi \@aboverulesep =\aboverulesep \global \@...
l.863 \midrule
              
I expect to see \noalign only after the \cr of
an alignment. Proceed, and I'll ignore this case.

c:/Users/Admin/Documents/GitHub/training_for_CUMCM/main/main.tex:864: Missing }
 inserted.
<inserted text> 
                }
l.864 $
       K$      & $[403.7,\; 405.3]$ & 1.6（基准值本身已暴涨至 $\sim 10\times$）\
I've inserted something that you may have forgotten.
(See the <inserted text> above.)
With luck, this will get me unwedged. But if you
really didn't forget anything, try typing `2' now; then
my insertion and my current dilemma will both disappear.

c:/Users/Admin/Documents/GitHub/training_for_CUMCM/main/main.tex:864: Missing }
 inserted.
<inserted text> 
                }
l.864 $
       K$      & $[403.7,\; 405.3]$ & 1.6（基准值本身已暴涨至 $\sim 10\times$）\
I've inserted something that you may have forgotten.
(See the <inserted text> above.)
With luck, this will get me unwedged. But if you
really didn't forget anything, try typing `2' now; then
my insertion and my current dilemma will both disappear.

c:/Users/Admin/Documents/GitHub/training_for_CUMCM/main/main.tex:864: Missing }
 inserted.
<inserted text> 
                }
l.864 $
       K$      & $[403.7,\; 405.3]$ & 1.6（基准值本身已暴涨至 $\sim 10\times$）\
I've inserted something that you may have forgotten.
(See the <inserted text> above.)
With luck, this will get me unwedged. But if you
really didn't forget anything, try typing `2' now; then
my insertion and my current dilemma will both disappear.

c:/Users/Admin/Documents/GitHub/training_for_CUMCM/main/main.tex:864: Missing \
cr inserted.
<inserted text> 
                \cr 
l.864 $
       K$      & $[403.7,\; 405.3]$ & 1.6（基准值本身已暴涨至 $\sim 10\times$）\
I'm guessing that you meant to end an alignment here.

c:/Users/Admin/Documents/GitHub/training_for_CUMCM/main/main.tex:864: Missing {
 inserted.
<inserted text> 
                {
l.864 $
       K$      & $[403.7,\; 405.3]$ & 1.6（基准值本身已暴涨至 $\sim 10\times$）\
I've put in what seems to be necessary to fix
the current column of the current alignment.
Try to go on, since this might almost work.

c:/Users/Admin/Documents/GitHub/training_for_CUMCM/main/main.tex:864: Undefined
 control sequence.
\@BTrule ...\doublerulesep \fi \fi \fi \@BTswitch 
                                                  
l.864 $
       K$      & $[403.7,\; 405.3]$ & 1.6（基准值本身已暴涨至 $\sim 10\times$）\
The control sequence at the end of the top line
of your error message was never \def'ed. If you have
misspelled it (e.g., `\hobx'), type `I' and the correct
spelling (e.g., `I\hbox'). Otherwise just continue,
and I'll forget about whatever was undefined.

c:/Users/Admin/Documents/GitHub/training_for_CUMCM/main/main.tex:864: Misplaced
 alignment tab character &.
l.864 $K$      &
                 $[403.7,\; 405.3]$ & 1.6（基准值本身已暴涨至 $\sim 10\times$）\
I can't figure out why you would want to use a tab mark
here. If you just want an ampersand, the remedy is
simple: Just type `I\&' now. But if some right brace
up above has ended a previous alignment prematurely,
you're probably due for more error messages, and you
might try typing `S' now just to see what is salvageable.

c:/Users/Admin/Documents/GitHub/training_for_CUMCM/main/main.tex:864: Misplaced
 alignment tab character &.
l.864 $K$      & $[403.7,\; 405.3]$ &
                                      1.6（基准值本身已暴涨至 $\sim 10\times$）\
I can't figure out why you would want to use a tab mark
here. If you just want an ampersand, the remedy is
simple: Just type `I\&' now. But if some right brace
up above has ended a previous alignment prematurely,
you're probably due for more error messages, and you
might try typing `S' now just to see what is salvageable.

c:/Users/Admin/Documents/GitHub/training_for_CUMCM/main/main.tex:865: Misplaced
 alignment tab character &.
l.865 $\alpha$ &
                 $[37.4,\; 41.0]$   & 3.6 \
I can't figure out why you would want to use a tab mark
here. If you just want an ampersand, the remedy is
simple: Just type `I\&' now. But if some right brace
up above has ended a previous alignment prematurely,
you're probably due for more error messages, and you
might try typing `S' now just to see what is salvageable.

c:/Users/Admin/Documents/GitHub/training_for_CUMCM/main/main.tex:865: Misplaced
 alignment tab character &.
l.865 $\alpha$ & $[37.4,\; 41.0]$   &
                                      3.6 \
I can't figure out why you would want to use a tab mark
here. If you just want an ampersand, the remedy is
simple: Just type `I\&' now. But if some right brace
up above has ended a previous alignment prematurely,
you're probably due for more error messages, and you
might try typing `S' now just to see what is salvageable.

c:/Users/Admin/Documents/GitHub/training_for_CUMCM/main/main.tex:866: Misplaced
 alignment tab character &.
l.866 $\gamma$ &
                 $[57.7,\; 59.8]$   & 2.1 \
I can't figure out why you would want to use a tab mark
here. If you just want an ampersand, the remedy is
simple: Just type `I\&' now. But if some right brace
up above has ended a previous alignment prematurely,
you're probably due for more error messages, and you
might try typing `S' now just to see what is salvageable.

c:/Users/Admin/Documents/GitHub/training_for_CUMCM/main/main.tex:866: Misplaced
 alignment tab character &.
l.866 $\gamma$ & $[57.7,\; 59.8]$   &
                                      2.1 \
I can't figure out why you would want to use a tab mark
here. If you just want an ampersand, the remedy is
simple: Just type `I\&' now. But if some right brace
up above has ended a previous alignment prematurely,
you're probably due for more error messages, and you
might try typing `S' now just to see what is salvageable.

c:/Users/Admin/Documents/GitHub/training_for_CUMCM/main/main.tex:867: Misplaced
 alignment tab character &.
l.867 $\beta$  &
                 $[48.3,\; 49.7]$   & 1.4 \
I can't figure out why you would want to use a tab mark
here. If you just want an ampersand, the remedy is
simple: Just type `I\&' now. But if some right brace
up above has ended a previous alignment prematurely,
you're probably due for more error messages, and you
might try typing `S' now just to see what is salvageable.

c:/Users/Admin/Documents/GitHub/training_for_CUMCM/main/main.tex:867: Misplaced
 alignment tab character &.
l.867 $\beta$  & $[48.3,\; 49.7]$   &
                                      1.4 \
I can't figure out why you would want to use a tab mark
here. If you just want an ampersand, the remedy is
simple: Just type `I\&' now. But if some right brace
up above has ended a previous alignment prematurely,
you're probably due for more error messages, and you
might try typing `S' now just to see what is salvageable.

c:/Users/Admin/Documents/GitHub/training_for_CUMCM/main/main.tex:868: Misplaced
 \noalign.
\bottomrule ->\noalign 
                       {\ifnum 0=`}\fi \@aboverulesep =\aboverulesep \global...
l.868 \bottomrule
                 
I expect to see \noalign only after the \cr of
an alignment. Proceed, and I'll ignore this case.

c:/Users/Admin/Documents/GitHub/training_for_CUMCM/main/main.tex:869: Misplaced
 \crcr.
\endtabular ->\crcr 
                    \egroup \egroup $\egroup 
l.869 \end{tabular}
                   
I can't figure out why you would want to use a tab mark
or \cr or \span just now. If something like a right brace
up above has ended a previous alignment prematurely,
you're probably due for more error messages, and you
might try typing `S' now just to see what is salvageable.

c:/Users/Admin/Documents/GitHub/training_for_CUMCM/main/main.tex:869: Extra }, 
or forgotten $.
\endtabular ->\crcr \egroup \egroup 
                                    $\egroup 
l.869 \end{tabular}
                   
I've deleted a group-closing symbol because it seems to be
spurious, as in `$x}$'. But perhaps the } is legitimate and
you forgot something else, as in `\hbox{$x}'. In such cases
the way to recover is to insert both the forgotten and the
deleted material, e.g., by typing `I$}'.

c:/Users/Admin/Documents/GitHub/training_for_CUMCM/main/main.tex:884: Misplaced
 \noalign.
\midrule ->\noalign 
                    {\ifnum 0=`}\fi \@aboverulesep =\aboverulesep \global \@...
l.884 \midrule
              
I expect to see \noalign only after the \cr of
an alignment. Proceed, and I'll ignore this case.

c:/Users/Admin/Documents/GitHub/training_for_CUMCM/main/main.tex:885: Missing }
 inserted.
<inserted text> 
                }
l.885 \textbf
             {极度敏感} & $K$ &
I've inserted something that you may have forgotten.
(See the <inserted text> above.)
With luck, this will get me unwedged. But if you
really didn't forget anything, try typing `2' now; then
my insertion and my current dilemma will both disappear.

c:/Users/Admin/Documents/GitHub/training_for_CUMCM/main/main.tex:885: Missing }
 inserted.
<inserted text> 
                }
l.885 \textbf
             {极度敏感} & $K$ &
I've inserted something that you may have forgotten.
(See the <inserted text> above.)
With luck, this will get me unwedged. But if you
really didn't forget anything, try typing `2' now; then
my insertion and my current dilemma will both disappear.

c:/Users/Admin/Documents/GitHub/training_for_CUMCM/main/main.tex:885: Missing }
 inserted.
<inserted text> 
                }
l.885 \textbf
             {极度敏感} & $K$ &
I've inserted something that you may have forgotten.
(See the <inserted text> above.)
With luck, this will get me unwedged. But if you
really didn't forget anything, try typing `2' now; then
my insertion and my current dilemma will both disappear.

c:/Users/Admin/Documents/GitHub/training_for_CUMCM/main/main.tex:885: Missing \
cr inserted.
<inserted text> 
                \cr 
l.885 \textbf
             {极度敏感} & $K$ &
I'm guessing that you meant to end an alignment here.

c:/Users/Admin/Documents/GitHub/training_for_CUMCM/main/main.tex:885: Missing {
 inserted.
<inserted text> 
                {
l.885 \textbf
             {极度敏感} & $K$ &
I've put in what seems to be necessary to fix
the current column of the current alignment.
Try to go on, since this might almost work.

c:/Users/Admin/Documents/GitHub/training_for_CUMCM/main/main.tex:885: Undefined
 control sequence.
\@BTrule ...\doublerulesep \fi \fi \fi \@BTswitch 
                                                  
l.885 \textbf
             {极度敏感} & $K$ &
The control sequence at the end of the top line
of your error message was never \def'ed. If you have
misspelled it (e.g., `\hobx'), type `I' and the correct
spelling (e.g., `I\hbox'). Otherwise just continue,
and I'll forget about whatever was undefined.

c:/Users/Admin/Documents/GitHub/training_for_CUMCM/main/main.tex:885: Misplaced
 alignment tab character &.
<recently read> &
                 
l.885 \textbf{极度敏感} &
                      $K$ &
I can't figure out why you would want to use a tab mark
here. If you just want an ampersand, the remedy is
simple: Just type `I\&' now. But if some right brace
up above has ended a previous alignment prematurely,
you're probably due for more error messages, and you
might try typing `S' now just to see what is salvageable.

c:/Users/Admin/Documents/GitHub/training_for_CUMCM/main/main.tex:885: Misplaced
 alignment tab character &.
l.885 \textbf{极度敏感} & $K$ &
                           
I can't figure out why you would want to use a tab mark
here. If you just want an ampersand, the remedy is
simple: Just type `I\&' now. But if some right brace
up above has ended a previous alignment prematurely,
you're probably due for more error messages, and you
might try typing `S' now just to see what is salvageable.

c:/Users/Admin/Documents/GitHub/training_for_CUMCM/main/main.tex:886: Misplaced
 alignment tab character &.
<recently read> &
                 
l.886   $\varepsilon(K_{\text{eff}}, K)=1$，数据近饱和 &
                                                  
I can't figure out why you would want to use a tab mark
here. If you just want an ampersand, the remedy is
simple: Just type `I\&' now. But if some right brace
up above has ended a previous alignment prematurely,
you're probably due for more error messages, and you
might try typing `S' now just to see what is salvageable.

c:/Users/Admin/Documents/GitHub/training_for_CUMCM/main/main.tex:888: Misplaced
 alignment tab character &.
<recently read> &
                 
l.888 \textbf{中度敏感} &
                      $\gamma$ &
I can't figure out why you would want to use a tab mark
here. If you just want an ampersand, the remedy is
simple: Just type `I\&' now. But if some right brace
up above has ended a previous alignment prematurely,
you're probably due for more error messages, and you
might try typing `S' now just to see what is salvageable.

c:/Users/Admin/Documents/GitHub/training_for_CUMCM/main/main.tex:888: Misplaced
 alignment tab character &.
l.888 \textbf{中度敏感} & $\gamma$ &
                                
I can't figure out why you would want to use a tab mark
here. If you just want an ampersand, the remedy is
simple: Just type `I\&' now. But if some right brace
up above has ended a previous alignment prematurely,
you're probably due for more error messages, and you
might try typing `S' now just to see what is salvageable.

c:/Users/Admin/Documents/GitHub/training_for_CUMCM/main/main.tex:889: Misplaced
 alignment tab character &.
<recently read> &
                 
l.889 ...repsilon(r, \gamma)=1$，但 logistic 饱和区衰减 &
                                                  
I can't figure out why you would want to use a tab mark
here. If you just want an ampersand, the remedy is
simple: Just type `I\&' now. But if some right brace
up above has ended a previous alignment prematurely,
you're probably due for more error messages, and you
might try typing `S' now just to see what is salvageable.

c:/Users/Admin/Documents/GitHub/training_for_CUMCM/main/main.tex:891: Misplaced
 alignment tab character &.
<recently read> &
                 
l.891 \textbf{中度敏感} &
                      $\beta$ &
I can't figure out why you would want to use a tab mark
here. If you just want an ampersand, the remedy is
simple: Just type `I\&' now. But if some right brace
up above has ended a previous alignment prematurely,
you're probably due for more error messages, and you
might try typing `S' now just to see what is salvageable.

c:/Users/Admin/Documents/GitHub/training_for_CUMCM/main/main.tex:891: Misplaced
 alignment tab character &.
l.891 \textbf{中度敏感} & $\beta$ &
                               
I can't figure out why you would want to use a tab mark
here. If you just want an ampersand, the remedy is
simple: Just type `I\&' now. But if some right brace
up above has ended a previous alignment prematurely,
you're probably due for more error messages, and you
might try typing `S' now just to see what is salvageable.

c:/Users/Admin/Documents/GitHub/training_for_CUMCM/main/main.tex:892: Misplaced
 alignment tab character &.
<recently read> &
                 
l.892   $\varepsilon(r, \beta)=-0.61$，边际递减 &
                                            
I can't figure out why you would want to use a tab mark
here. If you just want an ampersand, the remedy is
simple: Just type `I\&' now. But if some right brace
up above has ended a previous alignment prematurely,
you're probably due for more error messages, and you
might try typing `S' now just to see what is salvageable.

c:/Users/Admin/Documents/GitHub/training_for_CUMCM/main/main.tex:894: Misplaced
 alignment tab character &.
<recently read> &
                 
l.894 \textbf{不敏感} &
                     $\alpha$ &
I can't figure out why you would want to use a tab mark
here. If you just want an ampersand, the remedy is
simple: Just type `I\&' now. But if some right brace
up above has ended a previous alignment prematurely,
you're probably due for more error messages, and you
might try typing `S' now just to see what is salvageable.

c:/Users/Admin/Documents/GitHub/training_for_CUMCM/main/main.tex:894: Misplaced
 alignment tab character &.
l.894 \textbf{不敏感} & $\alpha$ &
                               
I can't figure out why you would want to use a tab mark
here. If you just want an ampersand, the remedy is
simple: Just type `I\&' now. But if some right brace
up above has ended a previous alignment prematurely,
you're probably due for more error messages, and you
might try typing `S' now just to see what is salvageable.

c:/Users/Admin/Documents/GitHub/training_for_CUMCM/main/main.tex:895: Misplaced
 alignment tab character &.
l.895 ...on(K_{\text{eff}}, \alpha)=0.016 \ll 1$ &
                                                  
I can't figure out why you would want to use a tab mark
here. If you just want an ampersand, the remedy is
simple: Just type `I\&' now. But if some right brace
up above has ended a previous alignment prematurely,
you're probably due for more error messages, and you
might try typing `S' now just to see what is salvageable.

c:/Users/Admin/Documents/GitHub/training_for_CUMCM/main/main.tex:897: Misplaced
 \noalign.
\bottomrule ->\noalign 
                       {\ifnum 0=`}\fi \@aboverulesep =\aboverulesep \global...
l.897 \bottomrule
                 
I expect to see \noalign only after the \cr of
an alignment. Proceed, and I'll ignore this case.

c:/Users/Admin/Documents/GitHub/training_for_CUMCM/main/main.tex:898: Misplaced
 \crcr.
\endtabular ->\crcr 
                    \egroup \egroup $\egroup 
l.898 \end{tabular}
                   
I can't figure out why you would want to use a tab mark
or \cr or \span just now. If something like a right brace
up above has ended a previous alignment prematurely,
you're probably due for more error messages, and you
might try typing `S' now just to see what is salvageable.

c:/Users/Admin/Documents/GitHub/training_for_CUMCM/main/main.tex:898: Extra }, 
or forgotten $.
\endtabular ->\crcr \egroup \egroup 
                                    $\egroup 
l.898 \end{tabular}
                   
I've deleted a group-closing symbol because it seems to be
spurious, as in `$x}$'. But perhaps the } is legitimate and
you forgot something else, as in `\hbox{$x}'. In such cases
the way to recover is to insert both the forgotten and the
deleted material, e.g., by typing `I$}'.

[15]
c:/Users/Admin/Documents/GitHub/training_for_CUMCM/main/main.tex:907: Misplaced
 \noalign.
\midrule ->\noalign 
                    {\ifnum 0=`}\fi \@aboverulesep =\aboverulesep \global \@...
l.907 \midrule
              
I expect to see \noalign only after the \cr of
an alignment. Proceed, and I'll ignore this case.

c:/Users/Admin/Documents/GitHub/training_for_CUMCM/main/main.tex:908: Missing }
 inserted.
<inserted text> 
                }
l.908 $
       r$ & $\gamma$ & $+1.0000$ & 线性——$\gamma$ 变化 $1\% \to r$ 同向变化 $1\%$ \
I've inserted something that you may have forgotten.
(See the <inserted text> above.)
With luck, this will get me unwedged. But if you
really didn't forget anything, try typing `2' now; then
my insertion and my current dilemma will both disappear.

c:/Users/Admin/Documents/GitHub/training_for_CUMCM/main/main.tex:908: Missing }
 inserted.
<inserted text> 
                }
l.908 $
       r$ & $\gamma$ & $+1.0000$ & 线性——$\gamma$ 变化 $1\% \to r$ 同向变化 $1\%$ \
I've inserted something that you may have forgotten.
(See the <inserted text> above.)
With luck, this will get me unwedged. But if you
really didn't forget anything, try typing `2' now; then
my insertion and my current dilemma will both disappear.

c:/Users/Admin/Documents/GitHub/training_for_CUMCM/main/main.tex:908: Missing }
 inserted.
<inserted text> 
                }
l.908 $
       r$ & $\gamma$ & $+1.0000$ & 线性——$\gamma$ 变化 $1\% \to r$ 同向变化 $1\%$ \
I've inserted something that you may have forgotten.
(See the <inserted text> above.)
With luck, this will get me unwedged. But if you
really didn't forget anything, try typing `2' now; then
my insertion and my current dilemma will both disappear.

c:/Users/Admin/Documents/GitHub/training_for_CUMCM/main/main.tex:908: Missing \
cr inserted.
<inserted text> 
                \cr 
l.908 $
       r$ & $\gamma$ & $+1.0000$ & 线性——$\gamma$ 变化 $1\% \to r$ 同向变化 $1\%$ \
I'm guessing that you meant to end an alignment here.

c:/Users/Admin/Documents/GitHub/training_for_CUMCM/main/main.tex:908: Missing {
 inserted.
<inserted text> 
                {
l.908 $
       r$ & $\gamma$ & $+1.0000$ & 线性——$\gamma$ 变化 $1\% \to r$ 同向变化 $1\%$ \
I've put in what seems to be necessary to fix
the current column of the current alignment.
Try to go on, since this might almost work.

c:/Users/Admin/Documents/GitHub/training_for_CUMCM/main/main.tex:908: Undefined
 control sequence.
\@BTrule ...\doublerulesep \fi \fi \fi \@BTswitch 
                                                  
l.908 $
       r$ & $\gamma$ & $+1.0000$ & 线性——$\gamma$ 变化 $1\% \to r$ 同向变化 $1\%$ \
The control sequence at the end of the top line
of your error message was never \def'ed. If you have
misspelled it (e.g., `\hobx'), type `I' and the correct
spelling (e.g., `I\hbox'). Otherwise just continue,
and I'll forget about whatever was undefined.

c:/Users/Admin/Documents/GitHub/training_for_CUMCM/main/main.tex:908: Misplaced
 alignment tab character &.
l.908 $r$ &
            $\gamma$ & $+1.0000$ & 线性——$\gamma$ 变化 $1\% \to r$ 同向变化 $1\%$ \
I can't figure out why you would want to use a tab mark
here. If you just want an ampersand, the remedy is
simple: Just type `I\&' now. But if some right brace
up above has ended a previous alignment prematurely,
you're probably due for more error messages, and you
might try typing `S' now just to see what is salvageable.

c:/Users/Admin/Documents/GitHub/training_for_CUMCM/main/main.tex:908: Misplaced
 alignment tab character &.
l.908 $r$ & $\gamma$ &
                       $+1.0000$ & 线性——$\gamma$ 变化 $1\% \to r$ 同向变化 $1\%$ \
I can't figure out why you would want to use a tab mark
here. If you just want an ampersand, the remedy is
simple: Just type `I\&' now. But if some right brace
up above has ended a previous alignment prematurely,
you're probably due for more error messages, and you
might try typing `S' now just to see what is salvageable.

c:/Users/Admin/Documents/GitHub/training_for_CUMCM/main/main.tex:908: Misplaced
 alignment tab character &.
l.908 $r$ & $\gamma$ & $+1.0000$ &
                                   线性——$\gamma$ 变化 $1\% \to r$ 同向变化 $1\%$ \
I can't figure out why you would want to use a tab mark
here. If you just want an ampersand, the remedy is
simple: Just type `I\&' now. But if some right brace
up above has ended a previous alignment prematurely,
you're probably due for more error messages, and you
might try typing `S' now just to see what is salvageable.

c:/Users/Admin/Documents/GitHub/training_for_CUMCM/main/main.tex:909: Misplaced
 alignment tab character &.
l.909 $r$ &
            $\beta$  & $-0.6143$ & 非线性衰减——$\beta$ 越大边际效应越弱 \
I can't figure out why you would want to use a tab mark
here. If you just want an ampersand, the remedy is
simple: Just type `I\&' now. But if some right brace
up above has ended a previous alignment prematurely,
you're probably due for more error messages, and you
might try typing `S' now just to see what is salvageable.

c:/Users/Admin/Documents/GitHub/training_for_CUMCM/main/main.tex:909: Misplaced
 alignment tab character &.
l.909 $r$ & $\beta$  &
                       $-0.6143$ & 非线性衰减——$\beta$ 越大边际效应越弱 \
I can't figure out why you would want to use a tab mark
here. If you just want an ampersand, the remedy is
simple: Just type `I\&' now. But if some right brace
up above has ended a previous alignment prematurely,
you're probably due for more error messages, and you
might try typing `S' now just to see what is salvageable.

c:/Users/Admin/Documents/GitHub/training_for_CUMCM/main/main.tex:909: Misplaced
 alignment tab character &.
l.909 $r$ & $\beta$  & $-0.6143$ &
                                   非线性衰减——$\beta$ 越大边际效应越弱 \
I can't figure out why you would want to use a tab mark
here. If you just want an ampersand, the remedy is
simple: Just type `I\&' now. But if some right brace
up above has ended a previous alignment prematurely,
you're probably due for more error messages, and you
might try typing `S' now just to see what is salvageable.

c:/Users/Admin/Documents/GitHub/training_for_CUMCM/main/main.tex:910: Misplaced
 alignment tab character &.
l.910 $K_{\text{eff}}$ &
                         $\alpha$ & $+0.0161$ & 近零——$\alpha \ll 1$ 导致弹性锁死在极小值 \
I can't figure out why you would want to use a tab mark
here. If you just want an ampersand, the remedy is
simple: Just type `I\&' now. But if some right brace
up above has ended a previous alignment prematurely,
you're probably due for more error messages, and you
might try typing `S' now just to see what is salvageable.

c:/Users/Admin/Documents/GitHub/training_for_CUMCM/main/main.tex:910: Misplaced
 alignment tab character &.
l.910 $K_{\text{eff}}$ & $\alpha$ &
                                    $+0.0161$ & 近零——$\alpha \ll 1$ 导致弹性锁死在极小值 \
I can't figure out why you would want to use a tab mark
here. If you just want an ampersand, the remedy is
simple: Just type `I\&' now. But if some right brace
up above has ended a previous alignment prematurely,
you're probably due for more error messages, and you
might try typing `S' now just to see what is salvageable.

c:/Users/Admin/Documents/GitHub/training_for_CUMCM/main/main.tex:910: Misplaced
 alignment tab character &.
l.910 $K_{\text{eff}}$ & $\alpha$ & $+0.0161$ &
                                                近零——$\alpha \ll 1$ 导致弹性锁死在极小值 \
I can't figure out why you would want to use a tab mark
here. If you just want an ampersand, the remedy is
simple: Just type `I\&' now. But if some right brace
up above has ended a previous alignment prematurely,
you're probably due for more error messages, and you
might try typing `S' now just to see what is salvageable.

c:/Users/Admin/Documents/GitHub/training_for_CUMCM/main/main.tex:911: Misplaced
 alignment tab character &.
l.911 $K_{\text{eff}}$ &
                         $K$      & $+1.0000$ & 线性——$K$ 变化 $1\% \to K_{\text...
I can't figure out why you would want to use a tab mark
here. If you just want an ampersand, the remedy is
simple: Just type `I\&' now. But if some right brace
up above has ended a previous alignment prematurely,
you're probably due for more error messages, and you
might try typing `S' now just to see what is salvageable.

c:/Users/Admin/Documents/GitHub/training_for_CUMCM/main/main.tex:911: Misplaced
 alignment tab character &.
l.911 $K_{\text{eff}}$ & $K$      &
                                    $+1.0000$ & 线性——$K$ 变化 $1\% \to K_{\text...
I can't figure out why you would want to use a tab mark
here. If you just want an ampersand, the remedy is
simple: Just type `I\&' now. But if some right brace
up above has ended a previous alignment prematurely,
you're probably due for more error messages, and you
might try typing `S' now just to see what is salvageable.

c:/Users/Admin/Documents/GitHub/training_for_CUMCM/main/main.tex:911: Misplaced
 alignment tab character &.
l.911 $K_{\text{eff}}$ & $K$      & $+1.0000$ &
                                                线性——$K$ 变化 $1\% \to K_{\text...
I can't figure out why you would want to use a tab mark
here. If you just want an ampersand, the remedy is
simple: Just type `I\&' now. But if some right brace
up above has ended a previous alignment prematurely,
you're probably due for more error messages, and you
might try typing `S' now just to see what is salvageable.

c:/Users/Admin/Documents/GitHub/training_for_CUMCM/main/main.tex:912: Misplaced
 \noalign.
\bottomrule ->\noalign 
                       {\ifnum 0=`}\fi \@aboverulesep =\aboverulesep \global...
l.912 \bottomrule
                 
I expect to see \noalign only after the \cr of
an alignment. Proceed, and I'll ignore this case.

c:/Users/Admin/Documents/GitHub/training_for_CUMCM/main/main.tex:913: Misplaced
 \crcr.
\endtabular ->\crcr 
                    \egroup \egroup $\egroup 
l.913 \end{tabular}
                   
I can't figure out why you would want to use a tab mark
or \cr or \span just now. If something like a right brace
up above has ended a previous alignment prematurely,
you're probably due for more error messages, and you
might try typing `S' now just to see what is salvageable.

c:/Users/Admin/Documents/GitHub/training_for_CUMCM/main/main.tex:913: Extra }, 
or forgotten $.
\endtabular ->\crcr \egroup \egroup 
                                    $\egroup 
l.913 \end{tabular}
                   
I've deleted a group-closing symbol because it seems to be
spurious, as in `$x}$'. But perhaps the } is legitimate and
you forgot something else, as in `\hbox{$x}'. In such cases
the way to recover is to insert both the forgotten and the
deleted material, e.g., by typing `I$}'.


LaTeX Warning: Reference `fig:tornado' on page 16 undefined on input line 929.


LaTeX Warning: Reference `fig:envelope' on page 16 undefined on input line 929.


File: sensitivity_tornado.png Graphic file (type bmp)
<sensitivity_tornado.png>
File: sensitivity_envelope.png Graphic file (type bmp)
<sensitivity_envelope.png>
[16] [17] [18]
c:/Users/Admin/Documents/GitHub/training_for_CUMCM/main/main.tex:1063: Misplace
d \noalign.
\midrule ->\noalign 
                    {\ifnum 0=`}\fi \@aboverulesep =\aboverulesep \global \@...
l.1063 \midrule
               
I expect to see \noalign only after the \cr of
an alignment. Proceed, and I'll ignore this case.

c:/Users/Admin/Documents/GitHub/training_for_CUMCM/main/main.tex:1064: Extra al
ignment tab has been changed to \cr.
<recently read> \endtemplate 
                             
l.1064 \textbf{1} &
                    $K$（基准容量） &
You have given more \span or & marks than there were
in the preamble to the \halign or \valign now in progress.
So I'll assume that you meant to type \cr instead.

c:/Users/Admin/Documents/GitHub/training_for_CUMCM/main/main.tex:1068: Extra al
ignment tab has been changed to \cr.
<recently read> \endtemplate 
                             
l.1068 \textbf{2} & $\beta$（抑制） &
                                 
You have given more \span or & marks than there were
in the preamble to the \halign or \valign now in progress.
So I'll assume that you meant to type \cr instead.

c:/Users/Admin/Documents/GitHub/training_for_CUMCM/main/main.tex:1077: Extra al
ignment tab has been changed to \cr.
<recently read> \endtemplate 
                             
l.1077 \textbf{4} &
                    $\gamma$（固有增长率） &
You have given more \span or & marks than there were
in the preamble to the \halign or \valign now in progress.
So I'll assume that you meant to type \cr instead.

c:/Users/Admin/Documents/GitHub/training_for_CUMCM/main/main.tex:1080: Misplace
d \noalign.
\bottomrule ->\noalign 
                       {\ifnum 0=`}\fi \@aboverulesep =\aboverulesep \global...
l.1080 \bottomrule
                  
I expect to see \noalign only after the \cr of
an alignment. Proceed, and I'll ignore this case.

c:/Users/Admin/Documents/GitHub/training_for_CUMCM/main/main.tex:1081: Missing 
} inserted.
<inserted text> 
                }
l.1081 \end
           {tabular}
I've inserted something that you may have forgotten.
(See the <inserted text> above.)
With luck, this will get me unwedged. But if you
really didn't forget anything, try typing `2' now; then
my insertion and my current dilemma will both disappear.

c:/Users/Admin/Documents/GitHub/training_for_CUMCM/main/main.tex:1081: Missing 
} inserted.
<inserted text> 
                }
l.1081 \end
           {tabular}
I've inserted something that you may have forgotten.
(See the <inserted text> above.)
With luck, this will get me unwedged. But if you
really didn't forget anything, try typing `2' now; then
my insertion and my current dilemma will both disappear.

c:/Users/Admin/Documents/GitHub/training_for_CUMCM/main/main.tex:1081: Missing 
} inserted.
<inserted text> 
                }
l.1081 \end
           {tabular}
I've inserted something that you may have forgotten.
(See the <inserted text> above.)
With luck, this will get me unwedged. But if you
really didn't forget anything, try typing `2' now; then
my insertion and my current dilemma will both disappear.

c:/Users/Admin/Documents/GitHub/training_for_CUMCM/main/main.tex:1081: Missing 
\cr inserted.
<inserted text> 
                \cr 
l.1081 \end
           {tabular}
I'm guessing that you meant to end an alignment here.

c:/Users/Admin/Documents/GitHub/training_for_CUMCM/main/main.tex:1081: Missing 
{ inserted.
<inserted text> 
                {
l.1081 \end
           {tabular}
I've put in what seems to be necessary to fix
the current column of the current alignment.
Try to go on, since this might almost work.

c:/Users/Admin/Documents/GitHub/training_for_CUMCM/main/main.tex:1081: Undefine
d control sequence.
\@BTrule ...\doublerulesep \fi \fi \fi \@BTswitch 
                                                  
l.1081 \end
           {tabular}
The control sequence at the end of the top line
of your error message was never \def'ed. If you have
misspelled it (e.g., `\hobx'), type `I' and the correct
spelling (e.g., `I\hbox'). Otherwise just continue,
and I'll forget about whatever was undefined.

c:/Users/Admin/Documents/GitHub/training_for_CUMCM/main/main.tex:1081: Misplace
d \crcr.
<recently read> \crcr 
                      
l.1081 \end{tabular}
                    
I can't figure out why you would want to use a tab mark
or \cr or \span just now. If something like a right brace
up above has ended a previous alignment prematurely,
you're probably due for more error messages, and you
might try typing `S' now just to see what is salvageable.

c:/Users/Admin/Documents/GitHub/training_for_CUMCM/main/main.tex:1081: Extra },
 or forgotten $.
\endtabular ->\crcr \egroup \egroup 
                                    $\egroup 
l.1081 \end{tabular}
                    
I've deleted a group-closing symbol because it seems to be
spurious, as in `$x}$'. But perhaps the } is legitimate and
you forgot something else, as in `\hbox{$x}'. In such cases
the way to recover is to insert both the forgotten and the
deleted material, e.g., by typing `I$}'.


Overfull \hbox (1085.8403pt too wide) in paragraph at lines 1060--1082
 [] 
 []

[19] [20] [21] (main.aux)
 ***********
LaTeX2e <2025-11-01>
L3 programming layer <2026/07/13>
 ***********


LaTeX Warning: There were undefined references.


LaTeX Warning: Label(s) may have changed. Rerun to get cross-references right.

 ) 
Here is how much of TeX's memory you used:
 9666 strings out of 402987
 256038 string characters out of 5448110
 703737 words of memory out of 5000000
 38243 multiletter control sequences out of 15000+600000
 636839 words of font info for 100 fonts, out of 8000000 for 9000
 1348 hyphenation exceptions out of 8191
 93i,9n,111p,437b,341s stack positions out of 10000i,1000n,20000p,200000b,200000s

Output written on main.pdf (21 pages).
